,census_tract,DP05_0070E_x,DP05_0070PE,DP05_0071E_x,DP05_0071PE,DP05_0077E_x,DP05_0077PE,DP05_0078E_x,DP05_0078PE,DP05_0079E_x,DP05_0079PE,DP05_0080E_x,DP05_0080PE,DP05_0081E_x,DP05_0081PE,DP05_0082E_x,DP05_0082PE,DP05_0083E_x,DP05_0083PE,entropy_index,DP05_0070E_y,DP05_0071E_y,DP05_0077E_y,DP05_0078E_y,DP05_0079E_y,DP05_0080E_y,DP05_0081E_y,DP05_0082E_y,DP05_0083E_y,totalpop,prop_white,prop_black,prop_asian,prop_hisp,prop_nhopi,prop_aian,prop_multir,other,prop_other
0,1001000100,4888,4888,682,14.0,3739,76.5,33,0.7,0,0.0,296,6.1,0,0.0,47,1.0,91,1.9,0.7610599855228937,4888,682,3739,33,1,296,1,47,91,4890,0.7646216768916155,0.006748466257668712,0.06053169734151329,0.1394683026584867,0.00020449897750511248,0.00020449897750511248,0.018609406952965236,0.018609406952965236,0.009611451942740287
1,1001000201,3922,3922,438,11.2,2223,56.7,238,6.1,32,0.8,831,21.2,0,0.0,0,0.0,160,4.1,1.2371694719355928,3922,438,2223,238,32,831,1,1,160,3924,0.5665137614678899,0.060652395514780834,0.2117737003058104,0.11162079510703364,0.00025484199796126404,0.00815494393476045,0.040774719673802244,0.040774719673802244,0.00025484199796126404
2,1001000202,4709,4709,426,9.0,3574,75.9,286,6.1,0,0.0,262,5.6,16,0.3,0,0.0,145,3.1,0.8858818438927397,4709,426,3574,286,1,262,16,1,145,4711,0.7586499681596264,0.06070897898535343,0.05561451921035873,0.0904266610061558,0.003396306516663129,0.00021226915729144556,0.030779027807259607,0.030779027807259607,0.00021226915729144556
3,1001000300,6585,6585,517,7.9,4820,73.2,559,8.5,0,0.0,529,8.0,0,0.0,41,0.6,119,1.8,0.9153245106632627,6585,517,4820,559,1,529,1,41,119,6587,0.7317443449218157,0.0848641263093973,0.0803097009260665,0.07848793077273418,0.0001518141794443601,0.0001518141794443601,0.018065887353878853,0.018065887353878853,0.006224381357218764
4,1001000400,1413,1413,210,14.9,1033,73.1,31,2.2,0,0.0,101,7.1,0,0.0,0,0.0,38,2.7,0.8924507142712371,1413,210,1033,31,1,101,1,1,38,1416,0.7295197740112994,0.021892655367231638,0.0713276836158192,0.1483050847457627,0.0007062146892655367,0.0007062146892655367,0.026836158192090395,0.026836158192090395,0.0007062146892655367
5,1001000501,3434,3434,466,13.6,2401,69.9,258,7.5,0,0.0,260,7.6,0,0.0,0,0.0,49,1.4,0.976513740659009,3434,466,2401,258,1,260,1,1,49,3437,0.6985743380855397,0.07506546406750073,0.07564736688972941,0.13558335757928425,0.0002909514111143439,0.0002909514111143439,0.014256619144602852,0.014256619144602852,0.0002909514111143439
6,1001000502,3396,3396,584,17.2,2528,74.4,76,2.2,0,0.0,106,3.1,9,0.3,0,0.0,93,2.7,0.8324535731308841,3396,584,2528,76,1,106,9,1,93,3398,0.7439670394349618,0.022366097704532076,0.031194820482636845,0.1718658034137728,0.00264861683343143,0.0002942907592701589,0.02736904061212478,0.02736904061212478,0.0002942907592701589
7,1001000600,4966,4966,674,13.6,3508,70.6,328,6.6,0,0.0,334,6.7,0,0.0,32,0.6,90,1.8,0.9537312805588347,4966,674,3508,328,1,334,1,32,90,4968,0.7061191626409018,0.06602254428341385,0.06723027375201288,0.1356682769726248,0.00020128824476650564,0.00020128824476650564,0.018115942028985508,0.018115942028985508,0.00644122383252818
8,1001000701,5786,5786,367,6.3,3940,68.1,584,10.1,50,0.9,668,11.5,0,0.0,0,0.0,177,3.1,1.0665128002279953,5786,367,3940,584,50,668,1,1,177,5788,0.6807187284035936,0.10089841050449205,0.11541119557705598,0.06340704906703525,0.00017277125086385625,0.008638562543192813,0.030580511402902556,0.030580511402902556,0.00017277125086385625
9,1001000702,2972,2972,386,13.0,1936,65.1,241,8.1,0,0.0,248,8.3,0,0.0,66,2.2,95,3.2,1.0706402795922345,2972,386,1936,241,1,248,1,66,95,2974,0.6509751176866173,0.08103564223268325,0.08338937457969066,0.12979152656355078,0.0003362474781439139,0.0003362474781439139,0.03194351042367182,0.03194351042367182,0.02219233355749832
10,1001000801,6195,6195,704,11.4,4308,69.5,568,9.2,0,0.0,445,7.2,0,0.0,11,0.2,159,2.6,1.0048113082174466,6195,704,4308,568,1,445,1,11,159,6197,0.6951750847184122,0.09165725350976278,0.07180893980958529,0.11360335646280459,0.00016136840406648378,0.00016136840406648378,0.02565757624657092,0.02565757624657092,0.0017750524447313217
11,1001000802,3470,3470,474,13.7,2343,67.5,292,8.4,0,0.0,264,7.6,0,0.0,0,0.0,97,2.8,1.046021720072675,3470,474,2343,292,1,264,1,1,97,3473,0.6746328822343794,0.08407716671465591,0.07601497264612726,0.13648142816009215,0.00028793550244745177,0.00028793550244745177,0.027929743737402823,0.027929743737402823,0.00028793550244745177
12,1001000901,7270,7270,820,11.3,5220,71.8,518,7.1,20,0.3,505,6.9,0,0.0,8,0.1,179,2.5,0.9661054964926725,7270,820,5220,518,20,505,1,8,179,7271,0.7179205061202035,0.07124191995598955,0.06945399532388942,0.1127767844863155,0.00013753266400770182,0.0027506532801540367,0.024618346857378626,0.024618346857378626,0.0011002613120616146
13,1001000902,2416,2416,302,12.5,1829,75.7,95,3.9,0,0.0,60,2.5,0,0.0,0,0.0,130,5.4,0.8535414627971636,2416,302,1829,95,1,60,1,1,130,2419,0.7560975609756098,0.03927242662257131,0.024803637866887142,0.12484497726333195,0.00041339396444811904,0.00041339396444811904,0.05374121537825548,0.05374121537825548,0.00041339396444811904
14,1001001001,7213,7213,446,6.2,5666,78.6,268,3.7,0,0.0,455,6.3,0,0.0,22,0.3,356,4.9,0.8093910711188796,7213,446,5666,268,1,455,1,22,356,7215,0.7853083853083853,0.03714483714483714,0.06306306306306306,0.06181566181566182,0.0001386001386001386,0.0001386001386001386,0.04934164934164934,0.04934164934164934,0.003049203049203049
15,1001001002,3428,3428,472,13.8,2247,65.5,203,5.9,0,0.0,296,8.6,0,0.0,24,0.7,186,5.4,1.0915499260793102,3428,472,2247,203,1,296,1,24,186,3430,0.6551020408163265,0.05918367346938776,0.08629737609329446,0.13760932944606413,0.0002915451895043732,0.0002915451895043732,0.05422740524781341,0.05422740524781341,0.006997084548104956
16,1001001100,4823,4823,342,7.1,3800,78.8,235,4.9,44,0.9,285,5.9,15,0.3,0,0.0,102,2.1,0.832251134635627,4823,342,3800,235,44,285,15,1,102,4824,0.7877280265339967,0.04871475953565506,0.05907960199004975,0.0708955223880597,0.003109452736318408,0.00912106135986733,0.021144278606965175,0.021144278606965175,0.00020729684908789387
17,1001001200,5362,5362,576,10.7,3699,69.0,393,7.3,0,0.0,457,8.5,0,0.0,0,0.0,237,4.4,1.0382325652686306,5362,576,3699,393,1,457,1,1,237,5365,0.6894687791239515,0.07325256290773532,0.08518173345759553,0.10736253494874184,0.0001863932898415657,0.0001863932898415657,0.04417520969245107,0.04417520969245107,0.0001863932898415657
18,1001001301,4334,4334,346,8.0,2843,65.6,650,15.0,0,0.0,376,8.7,0,0.0,0,0.0,119,2.7,1.07754345483127,4334,346,2843,650,1,376,1,1,119,4337,0.6555222504035048,0.14987318422872953,0.08669587272308046,0.07977864883560065,0.00023057412958266084,0.00023057412958266084,0.02743832142033664,0.02743832142033664,0.00023057412958266084
19,1001001302,7166,7166,949,13.2,5067,70.7,581,8.1,0,0.0,344,4.8,0,0.0,22,0.3,203,2.8,0.9657145584992762,7166,949,5067,581,1,344,1,22,203,7168,0.7068917410714286,0.0810546875,0.04799107142857143,0.13239397321428573,0.00013950892857142856,0.00013950892857142856,0.0283203125,0.0283203125,0.0030691964285714285
20,1001001401,3659,3659,585,16.0,2371,64.8,236,6.4,9,0.2,316,8.6,0,0.0,10,0.3,132,3.6,1.0994181814739363,3659,585,2371,236,9,316,1,10,132,3660,0.6478142076502732,0.06448087431693988,0.08633879781420765,0.1598360655737705,0.000273224043715847,0.002459016393442623,0.036065573770491806,0.036065573770491806,0.00273224043715847
21,1001001402,3370,3370,600,17.8,2124,63.0,327,9.7,0,0.0,203,6.0,16,0.5,8,0.2,92,2.7,1.1198531681378523,3370,600,2124,327,1,203,16,8,92,3371,0.6300800949273213,0.09700385642242658,0.060219519430436075,0.17798872738059923,0.004746366063482646,0.0002966478789676654,0.027291604865025215,0.027291604865025215,0.002373183031741323
22,1001001500,6094,6094,435,7.1,4762,78.1,603,9.9,0,0.0,139,2.3,0,0.0,0,0.0,155,2.5,0.7926227557420743,6094,435,4762,603,1,139,1,1,155,6097,0.7810398556667213,0.0989010989010989,0.022798097424963096,0.07134656388387732,0.0001640150893882237,0.0001640150893882237,0.025422338855174677,0.025422338855174677,0.0001640150893882237
23,1001001600,4959,4959,370,7.5,1297,26.2,2996,60.4,0,0.0,116,2.3,0,0.0,0,0.0,180,3.6,1.0604745261682724,4959,370,1297,2996,1,116,1,1,180,4962,0.2613865376864168,0.60378879484079,0.023377670294236194,0.07456670697299476,0.00020153164046755341,0.00020153164046755341,0.036275695284159616,0.036275695284159616,0.00020153164046755341
24,1001001702,3482,3482,381,10.9,1669,47.9,1325,38.1,0,0.0,23,0.7,0,0.0,23,0.7,61,1.8,1.0709000244316038,3482,381,1669,1325,1,23,1,23,61,3484,0.4790470723306544,0.38030998851894376,0.006601607347876005,0.10935706084959816,0.0002870264064293915,0.0002870264064293915,0.01750861079219288,0.01750861079219288,0.006601607347876005
25,1001001803,4231,4231,1495,35.3,180,4.3,2487,58.8,0,0.0,1,0.0,0,0.0,22,0.5,46,1.1,0.8693826346297544,4231,1495,180,2487,1,1,1,22,46,4233,0.042523033309709427,0.5875265768958186,0.00023623907394283014,0.3531774155445311,0.00023623907394283014,0.00023623907394283014,0.010866997401370187,0.010866997401370187,0.005197259626742263
26,1001001804,5894,5894,1682,28.5,375,6.4,3579,60.7,0,0.0,59,1.0,0,0.0,168,2.9,31,0.5,0.912686999546524,5894,1682,375,3579,1,59,1,168,31,5896,0.06360244233378562,0.60702170963365,0.010006784260515603,0.28527815468113976,0.00016960651289009497,0.00016960651289009497,0.005257801899592945,0.005257801899592945,0.028493894165535955
27,1001001901,4183,4183,738,17.6,803,19.2,2430,58.1,0,0.0,127,3.0,0,0.0,26,0.6,59,1.4,1.1085600135390707,4183,738,803,2430,1,127,1,26,59,4185,0.1918757467144564,0.5806451612903226,0.03034647550776583,0.17634408602150536,0.00023894862604540023,0.00023894862604540023,0.014097968936678614,0.014097968936678614,0.006212664277180406
28,1001001902,2544,2544,638,25.1,428,16.8,1376,54.1,0,0.0,25,1.0,0,0.0,0,0.0,77,3.0,1.1364382207552053,2544,638,428,1376,1,25,1,1,77,2547,0.1680408323517864,0.5402434236356498,0.009815469179426776,0.25049077345897136,0.00039261876717707107,0.00039261876717707107,0.030231645072634473,0.030231645072634473,0.00039261876717707107
29,1001002001,3490,3490,1254,35.9,397,11.4,1419,40.7,0,0.0,106,3.0,0,0.0,249,7.1,65,1.9,1.1658122796339547,3490,1254,397,1419,1,106,1,249,65,3492,0.11368843069873998,0.4063573883161512,0.030355097365406643,0.359106529209622,0.000286368843069874,0.000286368843069874,0.01861397479954181,0.01861397479954181,0.07130584192439862
30,1001002002,4781,4781,1261,26.4,903,18.9,2350,49.2,11,0.2,104,2.2,0,0.0,0,0.0,152,3.2,1.2239676634825378,4781,1261,903,2350,11,104,1,1,152,4783,0.1887936441563872,0.49132343717332216,0.021743675517457664,0.26364206564917414,0.0002090738030524775,0.002299811833577253,0.031779218063976586,0.031779218063976586,0.0002090738030524775
31,1001002101,5531,5531,1154,20.9,657,11.9,3477,62.9,33,0.6,114,2.1,0,0.0,0,0.0,96,1.7,1.0543149765107207,5531,1154,657,3477,33,114,1,1,96,5533,0.11874209289716248,0.6284113500813302,0.020603650822338695,0.20856678113139346,0.0001807337791433219,0.005964214711729622,0.0173504427977589,0.0173504427977589,0.0001807337791433219
32,1001002102,5660,5660,1348,23.8,637,11.3,3428,60.6,35,0.6,40,0.7,0,0.0,0,0.0,172,3.0,1.0653819787113166,5660,1348,637,3428,35,40,1,1,172,5662,0.1125044154009184,0.605439773931473,0.007064641469445425,0.23807841752031084,0.00017661603673613564,0.006181561285764747,0.03037795831861533,0.03037795831861533,0.00017661603673613564
33,1001002201,3264,3264,548,16.8,877,26.9,1591,48.7,20,0.6,99,3.0,0,0.0,0,0.0,129,4.0,1.270220874046661,3264,548,877,1591,20,99,1,1,129,3266,0.2685241886099204,0.4871402327005511,0.030312308634415187,0.1677893447642376,0.0003061849357011635,0.00612369871402327,0.03949785670545009,0.03949785670545009,0.0003061849357011635
34,1001002202,3332,3332,845,25.4,559,16.8,1792,53.8,11,0.3,24,0.7,0,0.0,0,0.0,101,3.0,1.1437291390700612,3332,845,559,1792,11,24,1,1,101,3334,0.16766646670665866,0.5374925014997001,0.007198560287942412,0.2534493101379724,0.00029994001199760045,0.0032993401319736052,0.030293941211757647,0.030293941211757647,0.00029994001199760045
35,1001002301,3608,3608,573,15.9,920,25.5,1879,52.1,0,0.0,75,2.1,0,0.0,17,0.5,144,4.0,1.1939469871879207,3608,573,920,1879,1,75,1,17,144,3610,0.2548476454293629,0.5204986149584487,0.02077562326869806,0.1587257617728532,0.0002770083102493075,0.0002770083102493075,0.039889196675900275,0.039889196675900275,0.004709141274238227
36,1001002302,1612,1612,64,4.0,662,41.1,736,45.7,0,0.0,66,4.1,0,0.0,35,2.2,49,3.0,1.0975721065498554,1612,64,662,736,1,66,1,35,49,1614,0.41016109045848825,0.4560099132589839,0.040892193308550186,0.03965303593556382,0.0006195786864931846,0.0006195786864931846,0.030359355638166045,0.030359355638166045,0.02168525402726146
37,1001002400,4104,4104,775,18.9,1404,34.2,1675,40.8,0,0.0,128,3.1,0,0.0,26,0.6,96,2.3,1.247406314008244,4104,775,1404,1675,1,128,1,26,96,4106,0.3419386264003897,0.40793960058451045,0.031173891865562593,0.1887481734047735,0.00024354603019970775,0.00024354603019970775,0.023380418899171942,0.023380418899171942,0.0063321967851924016
38,1001002501,3260,3260,1152,35.3,679,20.8,1307,40.1,0,0.0,47,1.4,0,0.0,11,0.3,64,2.0,1.2039140276088198,3260,1152,679,1307,1,47,1,11,64,3262,0.20815450643776823,0.4006744328632741,0.014408338442673207,0.35315757204169224,0.00030656039239730225,0.00030656039239730225,0.019619865113427344,0.019619865113427344,0.003372164316370325
39,1001002502,6734,6734,2324,34.5,1731,25.7,2122,31.5,0,0.0,274,4.1,0,0.0,0,0.0,283,4.2,1.3462014960403852,6734,2324,1731,2122,1,274,1,1,283,6737,0.2569392904853792,0.31497699272673296,0.040670921775270895,0.3449606649844144,0.00014843402107763098,0.00014843402107763098,0.04200682796496957,0.04200682796496957,0.00014843402107763098
40,1001002600,2652,2652,468,17.6,1124,42.4,790,29.8,9,0.3,172,6.5,13,0.5,16,0.6,60,2.3,1.3391881688612783,2652,468,1124,790,9,172,13,16,60,2652,0.4238310708898944,0.29788838612368024,0.06485671191553545,0.17647058823529413,0.004901960784313725,0.003393665158371041,0.02262443438914027,0.02262443438914027,0.006033182503770739
41,1001002701,5802,5802,1816,31.3,2467,42.5,1301,22.4,18,0.3,121,2.1,0,0.0,0,0.0,79,1.4,1.2209870926261086,5802,1816,2467,1301,18,121,1,1,79,5804,0.4250516884906961,0.22415575465196416,0.020847691247415576,0.31288766368022053,0.00017229496898690558,0.0031013094417643005,0.01361130254996554,0.01361130254996554,0.00017229496898690558
42,1001002702,6049,6049,1332,22.0,3185,52.7,789,13.0,0,0.0,319,5.3,0,0.0,209,3.5,215,3.6,1.2132099736206907,6049,1332,3185,789,1,319,1,209,215,6051,0.5263592794579408,0.13039167079821518,0.052718558915881675,0.22012890431333665,0.00016526194017517766,0.00016526194017517766,0.03553131713766319,0.03553131713766319,0.03453974549661213
43,1001002801,4048,4048,1199,29.6,1197,29.6,1374,33.9,0,0.0,153,3.8,0,0.0,0,0.0,125,3.1,1.322482373192128,4048,1199,1197,1374,1,153,1,1,125,4051,0.2954825968896569,0.3391755122192051,0.03776845223401629,0.2959763021476179,0.00024685262898049864,0.00024685262898049864,0.03085657862256233,0.03085657862256233,0.00024685262898049864
44,1001002802,5056,5056,1851,36.6,1428,28.2,1193,23.6,0,0.0,287,5.7,0,0.0,57,1.1,240,4.7,1.3764442565944657,5056,1851,1428,1193,1,287,1,57,240,5058,0.2823250296559905,0.23586397785686042,0.05674179517595888,0.36595492289442466,0.00019770660340055358,0.00019770660340055358,0.04744958481613286,0.04744958481613286,0.011269276393831554
45,1001002900,4416,4416,1103,25.0,2079,47.1,867,19.6,0,0.0,196,4.4,0,0.0,2,0.0,169,3.8,1.287570804450571,4416,1103,2079,867,1,196,1,2,169,4418,0.4705749207786329,0.19624264373019465,0.04436396559529199,0.24966047985513806,0.00022634676324128565,0.00022634676324128565,0.03825260298777727,0.03825260298777727,0.0004526935264825713
46,1001003000,3732,3732,508,13.6,1431,38.3,1599,42.8,0,0.0,162,4.3,0,0.0,0,0.0,32,0.9,1.1833956480270387,3732,508,1431,1599,1,162,1,1,32,3735,0.38313253012048193,0.42811244979919677,0.043373493975903614,0.1360107095046854,0.0002677376171352075,0.0002677376171352075,0.00856760374832664,0.00856760374832664,0.0002677376171352075
47,1001003100,3605,3605,1023,28.4,1106,30.7,1056,29.3,35,1.0,256,7.1,0,0.0,10,0.3,119,3.3,1.4271669875476685,3605,1023,1106,1056,35,256,1,10,119,3606,0.3067110371602884,0.2928452579034942,0.07099278979478647,0.28369384359401,0.00027731558513588466,0.009706045479755962,0.03300055463117027,0.03300055463117027,0.0027731558513588465
48,1001003200,5301,5301,1432,27.0,1371,25.9,2259,42.6,0,0.0,187,3.5,0,0.0,0,0.0,52,1.0,1.2332636945201958,5301,1432,1371,2259,1,187,1,1,52,5304,0.2584841628959276,0.4259049773755656,0.035256410256410256,0.26998491704374056,0.0001885369532428356,0.0001885369532428356,0.00980392156862745,0.00980392156862745,0.0001885369532428356
49,1001003301,4138,4138,284,6.9,1997,48.3,1500,36.2,0,0.0,208,5.0,0,0.0,14,0.3,135,3.3,1.1692331784842995,4138,284,1997,1500,1,208,1,14,135,4140,0.48236714975845413,0.36231884057971014,0.050241545893719805,0.06859903381642513,0.00024154589371980676,0.00024154589371980676,0.03260869565217391,0.03260869565217391,0.003381642512077295
50,1001003302,2306,2306,121,5.2,1124,48.7,867,37.6,3,0.1,103,4.5,0,0.0,39,1.7,49,2.1,1.1053584365674785,2306,121,1124,867,3,103,1,39,49,2307,0.4872128305158214,0.37581274382314694,0.044646727351538795,0.05244906805374946,0.00043346337234503684,0.0013003901170351106,0.021239705244906804,0.021239705244906804,0.016905071521456438
51,1001003400,5007,5007,201,4.0,1565,31.3,2900,57.9,0,0.0,162,3.2,7,0.1,21,0.4,151,3.0,1.0363618165580322,5007,201,1565,2900,1,162,7,21,151,5008,0.3125,0.579073482428115,0.032348242811501594,0.040135782747603835,0.0013977635782747603,0.00019968051118210862,0.030151757188498402,0.030151757188498402,0.004193290734824281
52,1001003500,5053,5053,427,8.5,1251,24.8,3052,60.4,20,0.4,162,3.2,0,0.0,37,0.7,104,2.1,1.0727435541127008,5053,427,1251,3052,20,162,1,37,104,5054,0.2475267115156312,0.6038781163434903,0.03205381875741987,0.08448753462603878,0.00019786307874950534,0.003957261574990107,0.020577760189948554,0.020577760189948554,0.007320933913731698
53,1001003600,4765,4765,708,14.9,2163,45.4,1326,27.8,0,0.0,429,9.0,0,0.0,0,0.0,139,2.9,1.3209836709485012,4765,708,2163,1326,1,429,1,1,139,4768,0.4536493288590604,0.27810402684563756,0.0899748322147651,0.14848993288590603,0.00020973154362416107,0.00020973154362416107,0.02915268456375839,0.02915268456375839,0.00020973154362416107
54,1001003700,5005,5005,1109,22.2,1939,38.7,1568,31.3,0,0.0,293,5.9,0,0.0,0,0.0,96,1.9,1.3100936397667187,5005,1109,1939,1568,1,293,1,1,96,5008,0.3871805111821086,0.31309904153354634,0.058506389776357824,0.22144568690095848,0.00019968051118210862,0.00019968051118210862,0.019169329073482427,0.019169329073482427,0.00019968051118210862
55,1001003800,5174,5174,846,16.4,2628,50.8,1051,20.3,22,0.4,361,7.0,0,0.0,33,0.6,233,4.5,1.3141440373354174,5174,846,2628,1051,22,361,1,33,233,5175,0.5078260869565218,0.20309178743961354,0.06975845410628019,0.1634782608695652,0.0001932367149758454,0.004251207729468599,0.04502415458937198,0.04502415458937198,0.006376811594202898
56,1001003900,4588,4588,510,11.1,3116,67.9,471,10.3,0,0.0,304,6.6,0,0.0,13,0.3,174,3.8,1.048235176080416,4588,510,3116,471,1,304,1,13,174,4590,0.6788671023965142,0.10261437908496732,0.06623093681917211,0.1111111111111111,0.00021786492374727668,0.00021786492374727668,0.03790849673202614,0.03790849673202614,0.002832244008714597
57,1001004001,4628,4628,608,13.1,3456,74.7,294,6.4,0,0.0,138,3.0,32,0.7,0,0.0,100,2.2,0.883679432385391,4628,608,3456,294,1,138,32,1,100,4630,0.7464362850971922,0.06349892008639309,0.029805615550755938,0.13131749460043196,0.006911447084233261,0.00021598272138228941,0.02159827213822894,0.02159827213822894,0.00021598272138228941
58,1001004002,3302,3302,179,5.4,2663,80.6,148,4.5,0,0.0,281,8.5,0,0.0,0,0.0,31,0.9,0.729303583765607,3302,179,2663,148,1,281,1,1,31,3305,0.8057488653555219,0.044780635400907716,0.08502269288956127,0.05416036308623298,0.000302571860816944,0.000302571860816944,0.009379727685325264,0.009379727685325264,0.000302571860816944
59,1001004100,2604,2604,235,9.0,1870,71.8,144,5.5,0,0.0,217,8.3,0,0.0,10,0.4,128,4.9,0.9761564601189413,2604,235,1870,144,1,217,1,10,128,2606,0.7175748273215656,0.05525709900230238,0.08326937835763622,0.09017651573292403,0.0003837298541826554,0.0003837298541826554,0.04911742133537989,0.04911742133537989,0.003837298541826554
60,1001004201,3767,3767,333,8.8,2899,77.0,199,5.3,0,0.0,188,5.0,0,0.0,96,2.5,52,1.4,0.7845537797464534,3767,333,2899,199,1,188,1,96,52,3769,0.7691695409923056,0.05279915096842664,0.04988060493499602,0.08835234810294508,0.0002653223666755107,0.0002653223666755107,0.01379676306712656,0.01379676306712656,0.025470947200849033
61,1001004202,2376,2376,283,11.9,1805,76.0,39,1.6,0,0.0,180,7.6,0,0.0,6,0.3,63,2.7,0.8280965178088002,2376,283,1805,39,1,180,1,6,63,2378,0.7590412111017661,0.016400336417157275,0.07569386038687972,0.1190075693860387,0.00042052144659377626,0.00042052144659377626,0.026492851135407905,0.026492851135407905,0.002523128679562658
62,1001004300,4088,4088,561,13.7,2560,62.6,671,16.4,25,0.6,164,4.0,10,0.2,0,0.0,97,2.4,1.1258946843683904,4088,561,2560,671,25,164,10,1,97,4089,0.6260699437515285,0.16409880166299828,0.040107605771582296,0.1371973587674248,0.002445585717779408,0.006113964294448521,0.02372218146246026,0.02372218146246026,0.00024455857177794083
63,1001004400,5793,5793,309,5.3,3735,64.5,1145,19.8,0,0.0,398,6.9,0,0.0,25,0.4,181,3.1,1.0550131789943598,5793,309,3735,1145,1,398,1,25,181,5795,0.6445211389128559,0.19758412424503882,0.06867989646246764,0.05332182916307161,0.0001725625539257981,0.0001725625539257981,0.031233822260569456,0.031233822260569456,0.004314063848144953
64,1001004600,3075,3075,275,8.9,1278,41.6,1225,39.8,0,0.0,175,5.7,0,0.0,19,0.6,103,3.3,1.2294250583532877,3075,275,1278,1225,1,175,1,19,103,3077,0.4153396165095873,0.3981150471238219,0.05687357816054599,0.08937276568085797,0.00032499187520311994,0.00032499187520311994,0.03347416314592135,0.03347416314592135,0.006174845628859279
65,1001004701,4886,4886,212,4.3,1256,25.7,2660,54.4,0,0.0,620,12.7,0,0.0,17,0.3,121,2.5,1.1733191854387384,4886,212,1256,2660,1,620,1,17,121,4888,0.2569558101472995,0.544189852700491,0.12684124386252046,0.04337152209492635,0.00020458265139116204,0.00020458265139116204,0.024754500818330607,0.024754500818330607,0.0034779050736497546
66,1001004702,3600,3600,353,9.8,1882,52.3,922,25.6,19,0.5,259,7.2,0,0.0,4,0.1,161,4.5,1.2738286571696829,3600,353,1882,922,19,259,1,4,161,3601,0.5226326020549847,0.25603998889197443,0.07192446542627048,0.09802832546514857,0.00027770063871146905,0.005276312135517912,0.04470980283254652,0.04470980283254652,0.0011108025548458762
67,1001004801,2999,2999,292,9.7,1647,54.9,882,29.4,0,0.0,65,2.2,0,0.0,46,1.5,67,2.2,1.0891014141855953,2999,292,1647,882,1,65,1,46,67,3001,0.5488170609796734,0.2939020326557814,0.02165944685104965,0.09730089970009996,0.0003332222592469177,0.0003332222592469177,0.022325891369543487,0.022325891369543487,0.015328223925358214
68,1001004802,3587,3587,287,8.0,1451,40.5,1531,42.7,0,0.0,251,7.0,0,0.0,13,0.4,54,1.5,1.1853143371126813,3587,287,1451,1531,1,251,1,13,54,3589,0.4042908888269713,0.4265812203956534,0.06993591529674004,0.07996656450264698,0.00027862914460852607,0.00027862914460852607,0.015045973808860406,0.015045973808860406,0.003622178879910839
69,1001004901,3420,3420,591,17.3,1563,45.7,1091,31.9,0,0.0,106,3.1,0,0.0,15,0.4,54,1.6,1.203526242708485,3420,591,1563,1091,1,106,1,15,54,3422,0.45675043834015194,0.3188194038573933,0.030976037405026302,0.17270601987142023,0.0002922267679719462,0.0002922267679719462,0.015780245470485097,0.015780245470485097,0.004383401519579193
70,1001004902,3457,3457,566,16.4,1525,44.1,861,24.9,55,1.6,307,8.9,0,0.0,8,0.2,135,3.9,1.413287442854059,3457,566,1525,861,55,307,1,8,135,3458,0.44100636205899363,0.24898785425101214,0.08877964141122036,0.16367842683632158,0.0002891844997108155,0.015905147484094852,0.039039907460960095,0.039039907460960095,0.002313475997686524
71,1001005001,2060,2060,255,12.4,1312,63.7,312,15.1,0,0.0,95,4.6,0,0.0,31,1.5,55,2.7,1.0777520980914679,2060,255,1312,312,1,95,1,31,55,2062,0.6362754607177498,0.1513094083414161,0.0460717749757517,0.12366634335596509,0.00048496605237633366,0.00048496605237633366,0.02667313288069835,0.02667313288069835,0.015033947623666343
72,1001005002,5798,5798,957,16.5,2622,45.2,1581,27.3,27,0.5,367,6.3,18,0.3,9,0.2,217,3.7,1.3511435538987897,5798,957,2622,1581,27,367,18,9,217,5798,0.45222490513970337,0.27268023456364265,0.06329768885822698,0.16505691617799242,0.003104518799586064,0.004656778199379096,0.03742669886167644,0.03742669886167644,0.001552259399793032
73,1001005201,5855,5855,791,13.5,3783,64.6,743,12.7,102,1.7,341,5.8,0,0.0,0,0.0,95,1.6,1.119062937226358,5855,791,3783,743,102,341,1,1,95,5857,0.6458938022878606,0.12685675260372203,0.05822093221785897,0.13505207444084003,0.00017073587160662456,0.017415058903875704,0.016219907802629333,0.016219907802629333,0.00017073587160662456
74,1001005301,5118,5118,486,9.5,3880,75.8,122,2.4,0,0.0,585,11.4,0,0.0,0,0.0,45,0.9,0.8155528371001098,5118,486,3880,122,1,585,1,1,45,5121,0.7576645186487014,0.02382347197812927,0.11423550087873462,0.09490333919156414,0.00019527436047646945,0.00019527436047646945,0.008787346221441126,0.008787346221441126,0.00019527436047646945
75,1001005500,6609,6609,661,10.0,4867,73.6,433,6.6,0,0.0,516,7.8,0,0.0,0,0.0,132,2.0,0.9141123649519111,6609,661,4867,433,1,516,1,1,132,6612,0.7360859044162129,0.06548699334543255,0.0780399274047187,0.0999697519661222,0.00015124016938898973,0.00015124016938898973,0.019963702359346643,0.019963702359346643,0.00015124016938898973
76,1001005600,6773,6773,935,13.8,4295,63.4,332,4.9,15,0.2,997,14.7,0,0.0,61,0.9,138,2.0,1.0862044120833183,6773,935,4295,332,15,997,1,61,138,6774,0.6340419250073812,0.04901092412164157,0.14718039563035135,0.1380277531739002,0.00014762326542663124,0.0022143489813994687,0.02037201062887511,0.02037201062887511,0.009005019191024505
77,1001005800,3656,3656,413,11.3,2165,59.2,385,10.5,0,0.0,622,17.0,0,0.0,0,0.0,71,1.9,1.1758643354871916,3656,413,2165,385,1,622,1,1,71,3659,0.5916917190489205,0.1052200054659743,0.16999180103853512,0.11287236949986335,0.00027329871549603714,0.00027329871549603714,0.01940420880021864,0.01940420880021864,0.00027329871549603714
78,1001005900,2511,2511,215,8.6,1276,50.8,563,22.4,0,0.0,325,12.9,0,0.0,35,1.4,97,3.9,1.2860043852879004,2511,215,1276,563,1,325,1,35,97,2513,0.5077596498209311,0.2240350179068842,0.1293274970155193,0.08555511341026661,0.0003979307600477517,0.0003979307600477517,0.038599283724631915,0.038599283724631915,0.013927576601671309
79,1001006202,58,58,0,0.0,58,100.0,0,0.0,0,0.0,0,0.0,0,0.0,0,0.0,0,0.0,0.4870013947942839,58,1,58,1,1,1,1,1,1,65,0.8923076923076924,0.015384615384615385,0.015384615384615385,0.015384615384615385,0.015384615384615385,0.015384615384615385,0.015384615384615385,0.015384615384615385,0.015384615384615385
80,1001006400,2834,2834,55,1.9,550,19.4,2160,76.2,0,0.0,22,0.8,0,0.0,0,0.0,47,1.7,0.7132962616095669,2834,55,550,2160,1,22,1,1,47,2837,0.19386676066267183,0.7613676418752203,0.007754670426506873,0.019386676066267185,0.00035248501938667606,0.00035248501938667606,0.016566795911173774,0.016566795911173774,0.00035248501938667606
81,1001006500,3010,3010,603,20.0,1986,66.0,355,11.8,0,0.0,16,0.5,0,0.0,3,0.1,47,1.6,0.9466979953344596,3010,603,1986,355,1,16,1,3,47,3012,0.6593625498007968,0.11786188579017265,0.005312084993359893,0.20019920318725098,0.00033200531208499334,0.00033200531208499334,0.015604249667994688,0.015604249667994688,0.00099601593625498
82,1001006600,1996,1996,64,3.2,1670,83.7,28,1.4,0,0.0,98,4.9,0,0.0,0,0.0,136,6.8,0.6584887300180181,1996,64,1670,28,1,98,1,1,136,1999,0.8354177088544272,0.014007003501750876,0.04902451225612806,0.032016008004002,0.0005002501250625312,0.0005002501250625312,0.06803401700850426,0.06803401700850426,0.0005002501250625312
83,1001006700,4424,4424,271,6.1,3372,76.2,477,10.8,0,0.0,220,5.0,0,0.0,18,0.4,66,1.5,0.8340344995461673,4424,271,3372,477,1,220,1,18,66,4426,0.7618617261635788,0.10777225485765929,0.04970628106642567,0.06122910076818798,0.00022593764121102577,0.00022593764121102577,0.0149118843199277,0.0149118843199277,0.004066877541798464
84,1001006801,2454,2454,171,7.0,1239,50.5,771,31.4,0,0.0,134,5.5,0,0.0,10,0.4,129,5.3,1.2142234815445014,2454,171,1239,771,1,134,1,10,129,2456,0.5044788273615635,0.31392508143322473,0.05456026058631922,0.06962540716612378,0.00040716612377850165,0.00040716612377850165,0.05252442996742671,0.05252442996742671,0.004071661237785016
85,1001006802,2578,2578,99,3.8,1715,66.5,651,25.3,0,0.0,43,1.7,0,0.0,0,0.0,70,2.7,0.9162566541652745,2578,99,1715,651,1,43,1,1,70,2581,0.6644711352189074,0.2522278186749322,0.01666020922123208,0.038357225881441304,0.0003874467260751647,0.0003874467260751647,0.027121270825261525,0.027121270825261525,0.0003874467260751647
86,1001006804,2800,2800,218,7.8,246,8.8,2250,80.4,27,1.0,7,0.3,0,0.0,0,0.0,52,1.9,0.7249603991872571,2800,218,246,2250,27,7,1,1,52,2802,0.08779443254817987,0.8029978586723768,0.0024982155603140615,0.07780157030692363,0.00035688793718772306,0.009635974304068522,0.018558172733761598,0.018558172733761598,0.00035688793718772306
87,1001006900,2699,2699,118,4.4,1978,73.3,424,15.7,0,0.0,23,0.9,0,0.0,0,0.0,156,5.8,0.8667623470107387,2699,118,1978,424,1,23,1,1,156,2702,0.7320503330866025,0.15692079940784603,0.008512213175425611,0.043671354552183565,0.0003700962250185048,0.0003700962250185048,0.05773501110288675,0.05773501110288675,0.0003700962250185048
88,1001007000,2444,2444,242,9.9,2019,82.6,77,3.2,0,0.0,44,1.8,0,0.0,0,0.0,62,2.5,0.668046231642544,2444,242,2019,77,1,44,1,1,62,2447,0.825091949325705,0.03146710257458112,0.01798120147118921,0.09889660809154066,0.0004086636697997548,0.0004086636697997548,0.025337147527584796,0.025337147527584796,0.0004086636697997548
89,1001007100,3369,3369,244,7.2,1122,33.3,1747,51.9,0,0.0,146,4.3,0,0.0,0,0.0,110,3.3,1.14928458878777,3369,244,1122,1747,1,146,1,1,110,3372,0.33274021352313166,0.5180901542111507,0.04329774614472123,0.07236061684460261,0.0002965599051008304,0.0002965599051008304,0.03262158956109134,0.03262158956109134,0.0002965599051008304
90,1001007200,6827,6827,409,6.0,4426,64.8,1410,20.7,0,0.0,335,4.9,0,0.0,0,0.0,247,3.6,1.0459509799642992,6827,409,4426,1410,1,335,1,1,247,6830,0.6480234260614934,0.20644216691068815,0.04904831625183016,0.059882869692532946,0.00014641288433382137,0.00014641288433382137,0.03616398243045388,0.03616398243045388,0.00014641288433382137
91,1001007301,4803,4803,992,20.7,2425,50.5,961,20.0,5,0.1,138,2.9,0,0.0,0,0.0,282,5.9,1.2700033449084611,4803,992,2425,961,5,138,1,1,282,4805,0.5046826222684704,0.2,0.028720083246618105,0.2064516129032258,0.0002081165452653486,0.001040582726326743,0.058688865764828305,0.058688865764828305,0.0002081165452653486
92,1001007304,4245,4245,128,3.0,59,1.4,4037,95.1,0,0.0,0,0.0,0,0.0,0,0.0,21,0.5,0.24566676078137376,4245,128,59,4037,1,1,1,1,21,4249,0.013885620145916686,0.9501059072722994,0.0002353494939985879,0.03012473523181925,0.0002353494939985879,0.0002353494939985879,0.004942339373970346,0.004942339373970346,0.0002353494939985879
93,1001007401,1721,1721,43,2.5,58,3.4,1547,89.9,0,0.0,46,2.7,0,0.0,27,1.6,0,0.0,0.4130460882047373,1721,43,58,1547,1,46,1,27,1,1724,0.033642691415313224,0.8973317865429234,0.02668213457076566,0.02494199535962877,0.000580046403712297,0.000580046403712297,0.000580046403712297,0.000580046403712297,0.015661252900232018
94,1001007403,2805,2805,41,1.5,36,1.3,2674,95.3,0,0.0,0,0.0,0,0.0,54,1.9,0,0.0,0.17573045965290307,2805,41,36,2674,1,1,1,54,1,2809,0.012815948736205056,0.9519401922392311,0.000355998576005696,0.014595941616233536,0.000355998576005696,0.000355998576005696,0.000355998576005696,0.000355998576005696,0.019223923104307584
95,1001007404,4061,4061,394,9.7,85,2.1,3453,85.0,0,0.0,8,0.2,0,0.0,103,2.5,18,0.4,0.4857898515833428,4061,394,85,3453,1,8,1,103,18,4063,0.02092050209205021,0.8498646320452867,0.0019689884321929607,0.09697268028550332,0.0002461235540241201,0.0002461235540241201,0.004430223972434162,0.004430223972434162,0.02535072606448437
96,1001007406,3809,3809,296,7.8,3,0.1,3397,89.2,0,0.0,0,0.0,0,0.0,79,2.1,34,0.9,0.35535929810527506,3809,296,3,3397,1,1,1,79,34,3812,0.0007869884575026233,0.8911332633788038,0.00026232948583420777,0.0776495278069255,0.00026232948583420777,0.00026232948583420777,0.008919202518363064,0.008919202518363064,0.020724029380902412
97,1001007407,3234,3234,70,2.2,72,2.2,3046,94.2,0,0.0,18,0.6,0,0.0,0,0.0,28,0.9,0.2997417854066798,3234,70,72,3046,1,18,1,1,28,3237,0.022242817423540315,0.9409947482236639,0.005560704355885079,0.02162496138399753,0.00030892801977139327,0.00030892801977139327,0.008649984553599012,0.008649984553599012,0.00030892801977139327
98,1001007408,3193,3193,9,0.3,94,2.9,2924,91.6,72,2.3,0,0.0,0,0.0,94,2.9,0,0.0,0.2946546941299781,3193,9,94,2924,72,1,1,94,1,3196,0.029411764705882353,0.9148936170212766,0.00031289111389236547,0.002816020025031289,0.00031289111389236547,0.02252816020025031,0.00031289111389236547,0.00031289111389236547,0.029411764705882353
99,1001007409,4405,4405,243,5.5,10,0.2,3965,90.0,0,0.0,44,1.0,0,0.0,0,0.0,143,3.2,0.4298599986060089,4405,243,10,3965,1,44,1,1,143,4408,0.002268602540834846,0.8995009074410163,0.009981851179673321,0.055127041742286755,0.00022686025408348456,0.00022686025408348456,0.0324410163339383,0.0324410163339383,0.00022686025408348456
100,1001007502,5933,5933,0,0.0,47,0.8,5858,98.7,0,0.0,0,0.0,0,0.0,9,0.2,19,0.3,0.07576181900539102,5933,1,47,5858,1,1,1,9,19,5937,0.007916456122620852,0.9866936163045309,0.0001684352366515075,0.0001684352366515075,0.0001684352366515075,0.0001684352366515075,0.0032002694963786426,0.0032002694963786426,0.0015159171298635675
101,1001007503,2619,2619,107,4.1,240,9.2,2261,86.3,0,0.0,0,0.0,0,0.0,0,0.0,11,0.4,0.5092948343500453,2619,107,240,2261,1,1,1,1,11,2623,0.09149828440716737,0.8619900876858559,0.0003812428516965307,0.040792985131528785,0.0003812428516965307,0.0003812428516965307,0.0041936713686618375,0.0041936713686618375,0.0003812428516965307
102,1001007504,2999,2999,16,0.5,13,0.4,2951,98.4,19,0.6,0,0.0,0,0.0,0,0.0,0,0.0,0.10864894466278532,2999,16,13,2951,19,1,1,1,1,3003,0.004329004329004329,0.9826839826839827,0.000333000333000333,0.005328005328005328,0.000333000333000333,0.006327006327006327,0.000333000333000333,0.000333000333000333,0.000333000333000333
103,1001007601,5162,5162,148,2.9,354,6.9,4596,89.0,0,0.0,11,0.2,0,0.0,0,0.0,53,1.0,0.45276390986604453,5162,148,354,4596,1,11,1,1,53,5165,0.06853823814133592,0.8898354307841239,0.0021297192642787998,0.028654404646660213,0.0001936108422071636,0.0001936108422071636,0.01026137463697967,0.01026137463697967,0.0001936108422071636
104,1001007603,4214,4214,83,2.0,174,4.1,3902,92.6,0,0.0,15,0.4,0,0.0,0,0.0,40,0.9,0.34888202239688726,4214,83,174,3902,1,15,1,1,40,4217,0.041261560350960395,0.9253023476405027,0.0035570310647379654,0.01968223855821674,0.00023713540431586437,0.00023713540431586437,0.009485416172634575,0.009485416172634575,0.00023713540431586437
105,1001007604,4189,4189,147,3.5,279,6.7,3481,83.1,43,1.0,59,1.4,0,0.0,19,0.5,161,3.8,0.686184308135892,4189,147,279,3481,43,59,1,19,161,4190,0.06658711217183771,0.8307875894988067,0.014081145584725537,0.035083532219570404,0.00023866348448687351,0.01026252983293556,0.03842482100238664,0.03842482100238664,0.004534606205250597
106,1001007605,4256,4256,328,7.7,204,4.8,3629,85.3,0,0.0,44,1.0,0,0.0,0,0.0,51,1.2,0.5835427788920515,4256,328,204,3629,1,44,1,1,51,4259,0.04789856773890585,0.852077952571026,0.010331063629960084,0.07701338342333881,0.00023479690068091102,0.00023479690068091102,0.011974641934726462,0.011974641934726462,0.00023479690068091102
107,1001007703,7050,7050,466,6.6,0,0.0,6501,92.2,28,0.4,44,0.6,0,0.0,0,0.0,11,0.2,0.3208513643403071,7050,466,1,6501,28,44,1,1,11,7053,0.0001417836381681554,0.9217354317311782,0.006238480079398838,0.06607117538636041,0.0001417836381681554,0.003969941868708351,0.0015596200198497094,0.0015596200198497094,0.0001417836381681554
108,1001007707,4748,4748,74,1.6,52,1.1,4560,96.0,0,0.0,0,0.0,0,0.0,0,0.0,62,1.3,0.2157591231561952,4748,74,52,4560,1,1,1,1,62,4752,0.010942760942760943,0.9595959595959596,0.00021043771043771043,0.015572390572390573,0.00021043771043771043,0.00021043771043771043,0.013047138047138047,0.013047138047138047,0.00021043771043771043
109,1001007708,3055,3055,0,0.0,0,0.0,2923,95.7,103,3.4,0,0.0,0,0.0,0,0.0,29,0.9,0.21255451962865565,3055,1,1,2923,103,1,1,1,29,3060,0.000326797385620915,0.9552287581699347,0.000326797385620915,0.000326797385620915,0.000326797385620915,0.03366013071895425,0.009477124183006535,0.009477124183006535,0.000326797385620915
110,1001007709,2410,2410,68,2.8,14,0.6,2210,91.7,17,0.7,0,0.0,0,0.0,0,0.0,101,4.2,0.38514227882303775,2410,68,14,2210,17,1,1,1,101,2413,0.005801906340654786,0.9158723580605056,0.0004144218814753419,0.02818068794032325,0.0004144218814753419,0.007045171985080812,0.04185661002900953,0.04185661002900953,0.0004144218814753419
111,1001007803,4354,4354,297,6.8,122,2.8,3812,87.6,0,0.0,10,0.2,0,0.0,21,0.5,92,2.1,0.49925185568180813,4354,297,122,3812,1,10,1,21,92,4356,0.02800734618916437,0.8751147842056933,0.002295684113865932,0.06818181818181818,0.0002295684113865932,0.0002295684113865932,0.021120293847566574,0.021120293847566574,0.0048209366391184574
112,1001007804,4220,4220,35,0.8,60,1.4,3926,93.0,0,0.0,14,0.3,0,0.0,0,0.0,185,4.4,0.32786855794075753,4220,35,60,3926,1,14,1,1,185,4223,0.014207909069381956,0.9296708501065594,0.0033151787828557895,0.008287946957139474,0.00023679848448969926,0.00023679848448969926,0.04380771963059436,0.04380771963059436,0.00023679848448969926
113,1001007806,2480,2480,1,0.0,74,3.0,2350,94.8,42,1.7,0,0.0,0,0.0,0,0.0,13,0.5,0.2627542264778408,2480,1,74,2350,42,1,1,1,13,2483,0.029802658074909383,0.9464357631896899,0.0004027386226339106,0.0004027386226339106,0.0004027386226339106,0.016915022150624244,0.005235602094240838,0.005235602094240838,0.0004027386226339106
114,1001007807,2298,2298,58,2.5,12,0.5,2179,94.8,0,0.0,0,0.0,0,0.0,0,0.0,49,2.1,0.26416035233561697,2298,58,12,2179,1,1,1,1,49,2302,0.005212858384013901,0.9465682015638576,0.0004344048653344917,0.02519548218940052,0.0004344048653344917,0.0004344048653344917,0.021285838401390096,0.021285838401390096,0.0004344048653344917
115,1001007808,4159,4159,55,1.3,11,0.3,4020,96.7,32,0.8,0,0.0,0,0.0,0,0.0,41,1.0,0.19333692768771768,4159,55,11,4020,32,1,1,1,41,4162,0.0026429601153291687,0.9658817876021144,0.0002402691013935608,0.013214800576645843,0.0002402691013935608,0.0076886112445939455,0.009851033157135992,0.009851033157135992,0.0002402691013935608
116,1001007809,3111,3111,67,2.2,0,0.0,2972,95.5,0,0.0,9,0.3,0,0.0,0,0.0,63,2.0,0.23094867358476245,3111,67,1,2972,1,9,1,1,63,3115,0.00032102728731942215,0.9540930979133226,0.0028892455858747996,0.021508828250401284,0.00032102728731942215,0.00032102728731942215,0.020224719101123594,0.020224719101123594,0.00032102728731942215
117,1001007901,4692,4692,268,5.7,977,20.8,3236,69.0,0,0.0,34,0.7,0,0.0,84,1.8,93,2.0,0.863552685672435,4692,268,977,3236,1,34,1,84,93,4694,0.20813804857264592,0.6893907115466553,0.007243289305496378,0.057094162760971456,0.00021303792074989347,0.00021303792074989347,0.019812526629740094,0.019812526629740094,0.017895185342991053
118,1001007903,2002,2002,102,5.1,438,21.9,1378,68.8,7,0.3,44,2.2,0,0.0,4,0.2,29,1.4,0.9101071293171578,2002,102,438,1378,7,44,1,4,29,2003,0.21867199201198204,0.6879680479281078,0.02196704942586121,0.0509236145781328,0.0004992511233150275,0.003494757863205192,0.014478282576135796,0.014478282576135796,0.00199700449326011
119,1001008001,3144,3144,142,4.5,1955,62.2,828,26.3,0,0.0,69,2.2,0,0.0,12,0.4,138,4.4,1.012849024189503,3144,142,1955,828,1,69,1,12,138,3146,0.6214240305149396,0.26319135410044503,0.021932612841703752,0.04513668150031786,0.0003178639542275906,0.0003178639542275906,0.043865225683407505,0.043865225683407505,0.003814367450731087
120,1001008002,3397,3397,270,7.9,2333,68.7,692,20.4,0,0.0,66,1.9,0,0.0,0,0.0,36,1.1,0.9130517399243253,3397,270,2333,692,1,66,1,1,36,3400,0.6861764705882353,0.20352941176470588,0.019411764705882354,0.07941176470588235,0.0002941176470588235,0.0002941176470588235,0.010588235294117647,0.010588235294117647,0.0002941176470588235
121,1001008100,3374,3374,283,8.4,2545,75.4,310,9.2,5,0.1,126,3.7,0,0.0,24,0.7,81,2.4,0.8643143723841606,3374,283,2545,310,5,126,1,24,81,3375,0.7540740740740741,0.09185185185185185,0.037333333333333336,0.08385185185185186,0.0002962962962962963,0.0014814814814814814,0.024,0.024,0.0071111111111111115
122,1001008200,3172,3172,302,9.5,2441,77.0,248,7.8,0,0.0,107,3.4,0,0.0,0,0.0,74,2.3,0.8319971134618469,3172,302,2441,248,1,107,1,1,74,3175,0.7688188976377953,0.07811023622047245,0.033700787401574804,0.09511811023622047,0.00031496062992125983,0.00031496062992125983,0.023307086614173227,0.023307086614173227,0.00031496062992125983
123,1001008301,2601,2601,152,5.8,2083,80.1,269,10.3,0,0.0,56,2.2,0,0.0,0,0.0,41,1.6,0.7328812364899394,2601,152,2083,269,1,56,1,1,41,2604,0.7999231950844854,0.1033026113671275,0.021505376344086023,0.05837173579109063,0.00038402457757296467,0.00038402457757296467,0.01574500768049155,0.01574500768049155,0.00038402457757296467
124,1001008302,2946,2946,278,9.4,2001,67.9,401,13.6,2,0.1,144,4.9,0,0.0,10,0.3,110,3.7,1.034881308824363,2946,278,2001,401,2,144,1,10,110,2947,0.6789955887343061,0.13607058025110283,0.04886325076348829,0.09433322022395657,0.00033932813030200206,0.0006786562606040041,0.037326094333220226,0.037326094333220226,0.0033932813030200203
125,1001008402,2333,2333,159,6.8,1434,61.5,610,26.1,0,0.0,29,1.2,0,0.0,0,0.0,101,4.3,1.0300256132193315,2333,159,1434,610,1,29,1,1,101,2336,0.6138698630136986,0.2611301369863014,0.012414383561643835,0.06806506849315068,0.0004280821917808219,0.0004280821917808219,0.04323630136986301,0.04323630136986301,0.0004280821917808219
126,1001008410,1632,1632,72,4.4,892,54.7,528,32.4,4,0.2,77,4.7,0,0.0,3,0.2,56,3.4,1.1119481281727164,1632,72,892,528,4,77,1,3,56,1633,0.5462339252908757,0.32333129210042866,0.04715248009797918,0.04409063074096754,0.000612369871402327,0.002449479485609308,0.034292712798530314,0.034292712798530314,0.001837109614206981
127,1001008701,2539,2539,139,5.5,995,39.2,1299,51.2,0,0.0,84,3.3,0,0.0,0,0.0,22,0.9,1.0290861435819936,2539,139,995,1299,1,84,1,1,22,2542,0.3914240755310779,0.511014948859166,0.03304484657749803,0.05468135326514555,0.0003933910306845004,0.0003933910306845004,0.00865460267505901,0.00865460267505901,0.0003933910306845004
128,1001008702,3337,3337,325,9.7,1130,33.9,1651,49.5,0,0.0,160,4.8,0,0.0,9,0.3,62,1.9,1.166128698803429,3337,325,1130,1651,1,160,1,9,62,3339,0.33842467804731957,0.4944594189877209,0.04791853848457622,0.09733453129679545,0.0002994908655286014,0.0002994908655286014,0.018568433662773286,0.018568433662773286,0.0026954177897574125
129,1001008802,4419,4419,119,2.7,1131,25.6,3035,68.7,10,0.2,80,1.8,0,0.0,0,0.0,44,1.0,0.8384480671443258,4419,119,1131,3035,10,80,1,1,44,4421,0.25582447410088216,0.686496267812712,0.018095453517303777,0.02691698710698937,0.00022619316896629722,0.002261931689662972,0.009952499434517077,0.009952499434517077,0.00022619316896629722
130,1001008803,3312,3312,485,14.6,716,21.6,1917,57.9,0,0.0,74,2.2,10,0.3,21,0.6,89,2.7,1.130971035185948,3312,485,716,1917,1,74,10,21,89,3313,0.21611832176275278,0.5786296408089345,0.022336251131904617,0.14639299728342892,0.003018412315122246,0.00030184123151222455,0.026863869604587986,0.026863869604587986,0.006338665861756716
131,1001008804,2648,2648,246,9.3,312,11.8,1937,73.1,43,1.6,33,1.2,0,0.0,0,0.0,77,2.9,0.9288993946933991,2648,246,312,1937,43,33,1,1,77,2650,0.11773584905660377,0.7309433962264151,0.012452830188679246,0.09283018867924528,0.0003773584905660377,0.016226415094339624,0.029056603773584905,0.029056603773584905,0.0003773584905660377
132,1001008903,3300,3300,157,4.8,479,14.5,2564,77.7,0,0.0,44,1.3,0,0.0,0,0.0,56,1.7,0.7529745355771437,3300,157,479,2564,1,44,1,1,56,3303,0.1450196790796246,0.7762640024220405,0.013321223130487435,0.04753254617014835,0.0003027550711474417,0.0003027550711474417,0.016954283984256736,0.016954283984256736,0.0003027550711474417
133,1001008904,4237,4237,417,9.8,281,6.6,3476,82.0,0,0.0,18,0.4,0,0.0,0,0.0,45,1.1,0.6462106846698368,4237,417,281,3476,1,18,1,1,45,4240,0.06627358490566038,0.819811320754717,0.0042452830188679245,0.09834905660377359,0.0002358490566037736,0.0002358490566037736,0.01061320754716981,0.01061320754716981,0.0002358490566037736
134,1001009000,3798,3798,311,8.2,319,8.4,3013,79.3,0,0.0,47,1.2,74,1.9,34,0.9,0,0.0,0.7322045997125093,3798,311,319,3013,1,47,74,34,1,3800,0.08394736842105263,0.7928947368421052,0.012368421052631579,0.0818421052631579,0.019473684210526317,0.0002631578947368421,0.0002631578947368421,0.0002631578947368421,0.008947368421052631
135,1001009102,4821,4821,346,7.2,420,8.7,3841,79.7,20,0.4,104,2.2,0,0.0,0,0.0,90,1.9,0.7644154398668815,4821,346,420,3841,20,104,1,1,90,4823,0.08708272859216255,0.7963922869583246,0.0215633423180593,0.07173958117354344,0.00020733982998133942,0.004146796599626789,0.018660584698320548,0.018660584698320548,0.00020733982998133942
136,1001009201,3213,3213,361,11.2,1597,49.7,976,30.4,0,0.0,127,4.0,0,0.0,0,0.0,152,4.7,1.2318806605302322,3213,361,1597,976,1,127,1,1,152,3216,0.49657960199004975,0.3034825870646766,0.03949004975124378,0.11225124378109452,0.0003109452736318408,0.0003109452736318408,0.0472636815920398,0.0472636815920398,0.0003109452736318408
137,1001009203,3031,3031,292,9.6,534,17.6,2019,66.6,19,0.6,9,0.3,0,0.0,7,0.2,151,5.0,1.0030915392994393,3031,292,534,2019,19,9,1,7,151,3032,0.17612137203166228,0.6658970976253298,0.002968337730870712,0.09630606860158311,0.00032981530343007914,0.006266490765171504,0.049802110817941954,0.049802110817941954,0.002308707124010554
138,1001009204,2895,2895,285,9.8,293,10.1,2257,78.0,11,0.4,0,0.0,0,0.0,0,0.0,49,1.7,0.7501122685580508,2895,285,293,2257,11,1,1,1,49,2898,0.10110420979986197,0.7788129744651484,0.0003450655624568668,0.09834368530020704,0.0003450655624568668,0.003795721187025535,0.016908212560386472,0.016908212560386472,0.0003450655624568668
139,1001009301,3512,3512,180,5.1,1432,40.8,1558,44.4,0,0.0,179,5.1,0,0.0,11,0.3,152,4.3,1.1707951227712052,3512,180,1432,1558,1,179,1,11,152,3514,0.40751280591918043,0.4433693796243597,0.050939100739897554,0.05122367672168469,0.0002845759817871372,0.0002845759817871372,0.043255549231644846,0.043255549231644846,0.003130335799658509
140,1001009302,1565,1565,254,16.2,454,29.0,834,53.3,0,0.0,6,0.4,0,0.0,0,0.0,17,1.1,1.069258733330054,1565,254,454,834,1,6,1,1,17,1568,0.2895408163265306,0.5318877551020408,0.003826530612244898,0.16198979591836735,0.0006377551020408163,0.0006377551020408163,0.010841836734693877,0.010841836734693877,0.0006377551020408163
141,1001009400,5135,5135,150,2.9,834,16.2,3869,75.3,31,0.6,86,1.7,0,0.0,26,0.5,139,2.7,0.8104463043807901,5135,150,834,3869,31,86,1,26,139,5136,0.16238317757009346,0.753309968847352,0.01674454828660436,0.029205607476635514,0.00019470404984423675,0.006035825545171339,0.02706386292834891,0.02706386292834891,0.0050623052959501555
142,1001009501,7368,7368,1986,27.0,1830,24.8,3203,43.5,15,0.2,234,3.2,4,0.1,0,0.0,96,1.3,1.2442367855981575,7368,1986,1830,3203,15,234,4,1,96,7369,0.2483376306147374,0.43465870538743384,0.031754647849097574,0.26950739584746913,0.000542814493146967,0.0020355543493011264,0.013027547835527209,0.013027547835527209,0.00013570362328674176
143,1001009503,3182,3182,56,1.8,800,25.1,2242,70.5,0,0.0,38,1.2,0,0.0,0,0.0,46,1.4,0.7843148891884311,3182,56,800,2242,1,38,1,1,46,3185,0.25117739403453687,0.7039246467817897,0.011930926216640502,0.017582417582417582,0.0003139717425431711,0.0003139717425431711,0.014442700156985872,0.014442700156985872,0.0003139717425431711
144,1001009504,3424,3424,498,14.5,1073,31.3,1603,46.8,0,0.0,192,5.6,0,0.0,0,0.0,58,1.7,1.2345275451027875,3424,498,1073,1603,1,192,1,1,58,3427,0.31310183834257366,0.4677560548584768,0.05602567843594981,0.14531660344324482,0.0002918004085205719,0.0002918004085205719,0.016924423694193173,0.016924423694193173,0.0002918004085205719
145,1001009505,3721,3721,347,9.3,425,11.4,2834,76.2,19,0.5,27,0.7,0,0.0,9,0.2,60,1.6,0.807946087906351,3721,347,425,2834,19,27,1,9,60,3722,0.11418592154755508,0.7614185921547555,0.007254164427727029,0.09322944653412144,0.00026867275658248256,0.005104782375067168,0.016120365394948953,0.016120365394948953,0.0024180548092423426
146,1001009507,1991,1991,411,20.6,80,4.0,1465,73.6,0,0.0,3,0.2,0,0.0,0,0.0,32,1.6,0.7647582115228163,1991,411,80,1465,1,3,1,1,32,1994,0.04012036108324975,0.734704112337011,0.0015045135406218655,0.20611835506519557,0.0005015045135406219,0.0005015045135406219,0.0160481444332999,0.0160481444332999,0.0005015045135406219
147,1001009508,3754,3754,406,10.8,273,7.3,2857,76.1,69,1.8,50,1.3,0,0.0,0,0.0,99,2.6,0.8680844289465275,3754,406,273,2857,69,50,1,1,99,3756,0.07268370607028754,0.7606496272630457,0.013312034078807242,0.1080937167199148,0.00026624068157614486,0.018370607028753993,0.026357827476038338,0.026357827476038338,0.00026624068157614486
148,1001009509,3412,3412,285,8.4,328,9.6,2633,77.2,0,0.0,0,0.0,0,0.0,80,2.3,86,2.5,0.7326513090126385,3412,285,328,2633,1,1,1,80,86,3415,0.09604685212298682,0.7710102489019034,0.00029282576866764275,0.08345534407027819,0.00029282576866764275,0.00029282576866764275,0.025183016105417278,0.025183016105417278,0.02342606149341142
149,1001009601,2352,2352,27,1.1,62,2.6,2259,96.0,0,0.0,0,0.0,0,0.0,0,0.0,4,0.2,0.20796828036342008,2352,27,62,2259,1,1,1,1,4,2356,0.02631578947368421,0.9588285229202037,0.00042444821731748726,0.011460101867572157,0.00042444821731748726,0.00042444821731748726,0.001697792869269949,0.001697792869269949,0.00042444821731748726
150,1001009602,3793,3793,224,5.9,77,2.0,3395,89.5,0,0.0,13,0.3,0,0.0,31,0.8,53,1.4,0.4291902517997459,3793,224,77,3395,1,13,1,31,53,3795,0.020289855072463767,0.8945981554677207,0.0034255599472990776,0.05902503293807641,0.00026350461133069827,0.00026350461133069827,0.01396574440052701,0.01396574440052701,0.008168642951251647
151,1001009603,3969,3969,68,1.7,10,0.3,3840,96.7,0,0.0,18,0.5,0,0.0,0,0.0,33,0.8,0.18580523661732595,3969,68,10,3840,1,18,1,1,33,3972,0.0025176233635448137,0.9667673716012085,0.004531722054380665,0.017119838872104734,0.00025176233635448137,0.00025176233635448137,0.008308157099697885,0.008308157099697885,0.00025176233635448137
152,1001009604,2377,2377,101,4.2,78,3.3,2165,91.1,4,0.2,0,0.0,0,0.0,9,0.4,20,0.8,0.3894163994428235,2377,101,78,2165,4,1,1,9,20,2379,0.03278688524590164,0.9100462379150904,0.0004203446826397646,0.042454812946616224,0.0004203446826397646,0.0016813787305590584,0.008406893652795292,0.008406893652795292,0.0037831021437578815
153,1001009700,3271,3271,98,3.0,54,1.7,3109,95.0,0,0.0,0,0.0,0,0.0,10,0.3,0,0.0,0.23195832004567407,3271,98,54,3109,1,1,1,10,1,3275,0.01648854961832061,0.9493129770992367,0.0003053435114503817,0.029923664122137403,0.0003053435114503817,0.0003053435114503817,0.0003053435114503817,0.0003053435114503817,0.0030534351145038168
154,1001009801,2196,2196,106,4.8,35,1.6,2018,91.9,6,0.3,0,0.0,0,0.0,0,0.0,31,1.4,0.37408288108840204,2196,106,35,2018,6,1,1,1,31,2199,0.015916325602546612,0.9176898590268304,0.00045475216007276033,0.0482037289677126,0.00045475216007276033,0.002728512960436562,0.01409731696225557,0.01409731696225557,0.00045475216007276033
155,1001009802,2071,2071,62,3.0,12,0.6,1985,95.8,0,0.0,12,0.6,0,0.0,0,0.0,0,0.0,0.21795470676304698,2071,62,12,1985,1,12,1,1,1,2075,0.005783132530120482,0.9566265060240964,0.005783132530120482,0.029879518072289158,0.00048192771084337347,0.00048192771084337347,0.00048192771084337347,0.00048192771084337347,0.00048192771084337347
156,1001009803,3070,3070,13,0.4,45,1.5,2978,97.0,11,0.4,0,0.0,0,0.0,0,0.0,23,0.7,0.17742835182900626,3070,13,45,2978,11,1,1,1,23,3073,0.01464367068011715,0.9690855841197527,0.0003254149040026033,0.004230393752033843,0.0003254149040026033,0.0035795639440286365,0.007484542792059876,0.007484542792059876,0.0003254149040026033
157,1001009804,2787,2787,263,9.4,50,1.8,2325,83.4,0,0.0,15,0.5,0,0.0,0,0.0,134,4.8,0.6262259578911041,2787,263,50,2325,1,15,1,1,134,2790,0.017921146953405017,0.8333333333333334,0.005376344086021506,0.09426523297491039,0.00035842293906810036,0.00035842293906810036,0.04802867383512545,0.04802867383512545,0.00035842293906810036
158,1001009807,3388,3388,3,0.1,112,3.3,3195,94.3,0,0.0,0,0.0,0,0.0,0,0.0,78,2.3,0.2691310594433594,3388,3,112,3195,1,1,1,1,78,3392,0.0330188679245283,0.9419221698113207,0.00029481132075471697,0.000884433962264151,0.00029481132075471697,0.00029481132075471697,0.022995283018867923,0.022995283018867923,0.00029481132075471697
159,1001009810,2828,2828,105,3.7,4,0.1,2439,86.2,0,0.0,0,0.0,0,0.0,129,4.6,151,5.3,0.42462671231142696,2828,105,4,2439,1,1,1,129,151,2831,0.001412928293889085,0.8615330271988697,0.00035323207347227127,0.037089367714588484,0.00035323207347227127,0.00035323207347227127,0.05333804309431296,0.05333804309431296,0.045566937477922995
160,1001009811,4633,4633,13,0.3,42,0.9,4476,96.6,0,0.0,0,0.0,0,0.0,0,0.0,102,2.2,0.1826159216502281,4633,13,42,4476,1,1,1,1,102,4637,0.009057580332111279,0.9652792753935734,0.00021565667457407807,0.0028035367694630147,0.00021565667457407807,0.00021565667457407807,0.021996980806555964,0.021996980806555964,0.00021565667457407807
161,1001009901,2777,2777,84,3.0,213,7.7,2195,79.0,0,0.0,241,8.7,0,0.0,0,0.0,44,1.6,0.7724339466263613,2777,84,213,2195,1,241,1,1,44,2780,0.07661870503597122,0.789568345323741,0.08669064748201438,0.030215827338129497,0.00035971223021582735,0.00035971223021582735,0.015827338129496403,0.015827338129496403,0.00035971223021582735
162,1001009902,3202,3202,41,1.3,60,1.9,3087,96.4,0,0.0,14,0.4,0,0.0,0,0.0,0,0.0,0.1979063228594074,3202,41,60,3087,1,14,1,1,1,3206,0.018714909544603867,0.962882096069869,0.004366812227074236,0.012788521522145976,0.00031191515907673113,0.00031191515907673113,0.00031191515907673113,0.00031191515907673113,0.00031191515907673113
163,1001009903,2244,2244,26,1.2,72,3.2,2088,93.0,0,0.0,0,0.0,0,0.0,18,0.8,40,1.8,0.3120595404813286,2244,26,72,2088,1,1,1,18,40,2247,0.03204272363150868,0.9292389853137517,0.0004450378282153983,0.011570983533600357,0.0004450378282153983,0.0004450378282153983,0.017801513128615932,0.017801513128615932,0.00801068090787717
164,1001009904,3121,3121,314,10.1,84,2.7,2673,85.6,0,0.0,0,0.0,9,0.3,0,0.0,41,1.3,0.5404342816512467,3121,314,84,2673,1,1,9,1,41,3124,0.026888604353393086,0.8556338028169014,0.0003201024327784891,0.10051216389244558,0.002880921895006402,0.0003201024327784891,0.013124199743918053,0.013124199743918053,0.0003201024327784891
165,1001009905,2793,2793,0,0.0,31,1.1,2652,95.0,0,0.0,0,0.0,0,0.0,23,0.8,87,3.1,0.2196696966812266,2793,1,31,2652,1,1,1,23,87,2797,0.011083303539506614,0.9481587415087593,0.0003575259206292456,0.0003575259206292456,0.0003575259206292456,0.0003575259206292456,0.03110475509474437,0.03110475509474437,0.008223096174472649
166,1001009906,1550,1550,31,2.0,5,0.3,1490,96.1,0,0.0,6,0.4,0,0.0,0,0.0,18,1.2,0.21893044929052857,1550,31,5,1490,1,6,1,1,18,1553,0.003219575016097875,0.9594333547971667,0.0038634900193174502,0.019961365099806824,0.000643915003219575,0.000643915003219575,0.01159047005795235,0.01159047005795235,0.000643915003219575
167,1001009907,2675,2675,54,2.0,12,0.4,2609,97.5,0,0.0,0,0.0,0,0.0,0,0.0,0,0.0,0.14081235995745603,2675,54,12,2609,1,1,1,1,1,2680,0.004477611940298508,0.9735074626865672,0.00037313432835820896,0.020149253731343283,0.00037313432835820896,0.00037313432835820896,0.00037313432835820896,0.00037313432835820896,0.00037313432835820896
168,1001010100,2728,2728,347,12.7,1444,52.9,356,13.0,0,0.0,474,17.4,0,0.0,33,1.2,74,2.7,1.2722946783602629,2728,347,1444,356,1,474,1,33,74,2730,0.528937728937729,0.1304029304029304,0.17362637362637362,0.1271062271062271,0.0003663003663003663,0.0003663003663003663,0.027106227106227107,0.027106227106227107,0.012087912087912088
169,1001010200,3654,3654,298,8.2,2014,55.1,850,23.3,83,2.3,241,6.6,0,0.0,0,0.0,168,4.6,1.2809627059564477,3654,298,2014,850,83,241,1,1,168,3656,0.5508752735229759,0.2324945295404814,0.06591903719912473,0.08150984682713348,0.0002735229759299781,0.022702407002188184,0.045951859956236324,0.045951859956236324,0.0002735229759299781
170,1001010300,4162,4162,1085,26.1,786,18.9,2137,51.3,0,0.0,57,1.4,0,0.0,0,0.0,97,2.3,1.1577826343645037,4162,1085,786,2137,1,57,1,1,97,4165,0.18871548619447778,0.5130852340936375,0.01368547418967587,0.2605042016806723,0.00024009603841536616,0.00024009603841536616,0.023289315726290515,0.023289315726290515,0.00024009603841536616
171,1001010400,5258,5258,108,2.1,210,4.0,4915,93.5,0,0.0,0,0.0,0,0.0,0,0.0,25,0.5,0.3023344811364759,5258,108,210,4915,1,1,1,1,25,5262,0.039908779931584946,0.9340554922082859,0.00019004180919802356,0.020524515393386546,0.00019004180919802356,0.00019004180919802356,0.004751045229950589,0.004751045229950589,0.00019004180919802356
172,1001010500,3921,3921,289,7.4,1753,44.7,1494,38.1,0,0.0,174,4.4,8,0.2,22,0.6,181,4.6,1.2146579734363212,3921,289,1753,1494,1,174,8,22,181,3922,0.4469658337582866,0.38092809790923,0.04436511983681795,0.07368689444161142,0.002039775624681285,0.00025497195308516065,0.04614992350841408,0.04614992350841408,0.0056093829678735335
173,1001010600,8925,8925,429,4.8,4988,55.9,2709,30.4,0,0.0,554,6.2,0,0.0,20,0.2,225,2.5,1.1002801994504212,8925,429,4988,2709,1,554,1,20,225,8927,0.5587543407639745,0.3034614092080206,0.06205892237033718,0.04805645793659684,0.0001120197154699227,0.0001120197154699227,0.02520443598073261,0.02520443598073261,0.002240394309398454
174,1001010700,1768,1768,253,14.3,1140,64.5,99,5.6,0,0.0,178,10.1,59,3.3,0,0.0,39,2.2,1.1553633774541026,1768,253,1140,99,1,178,59,1,39,1770,0.6440677966101694,0.05593220338983051,0.10056497175141244,0.14293785310734464,0.03333333333333333,0.0005649717514124294,0.022033898305084745,0.022033898305084745,0.0005649717514124294
175,1001010800,6460,6460,690,10.7,4107,63.6,618,9.6,47,0.7,780,12.1,7,0.1,2,0.0,209,3.2,1.1608629765602951,6460,690,4107,618,47,780,7,2,209,6460,0.6357585139318885,0.0956656346749226,0.12074303405572756,0.10681114551083591,0.00108359133126935,0.007275541795665635,0.03235294117647059,0.03235294117647059,0.00030959752321981426
176,1001010900,3779,3779,64,1.7,44,1.2,3575,94.6,0,0.0,24,0.6,0,0.0,17,0.4,55,1.5,0.27185072002616395,3779,64,44,3575,1,24,1,17,55,3781,0.011637133033588997,0.9455170589791061,0.006347527109230362,0.016926738957947635,0.0002644802962179318,0.0002644802962179318,0.014546416291986247,0.014546416291986247,0.00449616503570484
177,1001011000,4099,4099,436,10.6,2388,58.3,1104,26.9,0,0.0,58,1.4,0,0.0,0,0.0,113,2.8,1.069685253666718,4099,436,2388,1104,1,58,1,1,113,4102,0.5821550463188688,0.2691370063383715,0.014139444173573866,0.10628961482203803,0.00024378352023403217,0.00024378352023403217,0.027547537786445635,0.027547537786445635,0.00024378352023403217
178,1001011100,5700,5700,677,11.9,607,10.6,4053,71.1,9,0.2,154,2.7,0,0.0,8,0.1,192,3.4,0.9575241859120288,5700,677,607,4053,9,154,1,8,192,5701,0.10647254867567094,0.7109279073846694,0.02701280477109279,0.11875109629889494,0.00017540782318891423,0.001578670408700228,0.033678302052271535,0.033678302052271535,0.0014032625855113139
