OBJECTID_left,STORENAME,ADDRESS,PHONE,PRESENT90,PRESENT95,PRESENT00,PRESENT05,PRESENT08,NOTES,PRESENT09,PRESENT10,PRESENT11,PRESENT12,PRESENT13,PRESENT14,PRESENT15,PRESENT16,PRESENT17,X_COORD,Y_COORD,WARD,ADDRESS_ID,SSL,ZIPCODE,PRESENT18,GIS_ID,geometry,index_right,OBJECTID_right,TRACT,GEOID,P0010001,P0010002,P0010003,P0010004,P0010005,P0010006,P0010007,P0010008,OP000001,OP000002,OP000003,OP000004,P0020002,P0020005,P0020006,P0020007,P0020008,P0020009,P0020010,OP00005,OP00006,OP00007,OP00008,P0030001,P0030003,P0030004,P0030005,P0030006,P0030007,P0030008,OP00009,OP00010,OP00011,OP00012,P0040002,P0040005,P0040006,P0040007,P0040008,P0040009,P0040010,OP000013,OP000014,OP000015,OP000016,H0010001,H0010002,H0010003,ACRES,SQ_MILES,Shape_Leng,Shape_Area,FAGI_TOTAL,FAGI_MEDIA,FAGI_TOT_1,FAGI_MED_1,FAGI_TOT_2,FAGI_MED_2,FAGI_TOT_3,FAGI_MED_3,FAGI_TOT_4,FAGI_MED_4,FAGI_TOT_5,FAGI_MED_5
1,Target,7828 GEORGIA  AVE NW,2028923822,,,,,,,,,,,,,,,,397662.57,146280.07,Ward 4,300512,2960    0017,20012,,GroceryStorePt_1,POINT (-77.02698057901294 38.98445529888659),8,9,001600,11001001600,3957,3799,997,2670,8,55,1,68,114,51,45,0,200,930,2621,4,55,0,15,104,45,37,0,3239,801,2255,6,48,1,42,59,41,19,0,136,756,2219,3,48,0,6,57,39,16,0,1685,1620,65,667.00608096,1.04219701,8627.683622023953,2699277.858553778,239860892.0,88449.5,206050056.0,86508.5,241106479.0,84972.0,253855939.0,89084.5,280146313.0,97830.5,285179163.0,99800.5
2,International Progresso Market,7719 GEORGIA AVE NW,2025455015,,,,,,,,,,,,,,,,397741.8,146169.97,Ward 4,285417,2961    0810,20012,,GroceryStorePt_2,POINT (-77.02606575460847 38.98346370182269),103,104,010300,11001010300,3187,3057,725,1915,36,67,3,311,68,37,27,9,527,606,1872,17,66,3,14,61,25,25,3,2677,655,1623,31,62,3,216,53,29,13,8,384,559,1589,17,61,3,7,47,20,12,3,1306,1173,133,268.32577311,0.41925902,5400.81030425883,1085875.8846522123,67033876.8,35106.5,76672409.0,36564.5,70736519.0,35263.0,75275047.0,35107.0,80323393.0,36951.0,86842954.0,36933.0
3,Jocelyn’s Market,6404 GEORGIA AVE NW,2027227574,,,,,,,,,,,,,,,,397591.16000000003,144428.0,Ward 4,285334,2945    0839,20012,,GroceryStorePt_3,POINT (-77.02779827340467 38.96777123500419),34,35,001804,11001001804,4480,4310,549,2983,20,51,0,707,74,45,18,11,1211,185,2933,8,51,0,22,56,22,17,8,3461,401,2408,15,42,0,471,61,36,10,10,835,153,2368,7,42,0,6,44,21,9,7,1924,1812,112,148.68792038,0.23232488,3404.953402736568,601718.669088252,90687018.37,26365.0,101095037.0,26535.5,94000568.0,27016.0,101142730.0,27327.0,100111583.0,27144.0,109529081.0,28093.5
4,Magruder's,5626 CONNECTICUT AVE NW,2024644946,Yes,Yes,Yes,Yes,Yes,,Yes,Yes,Yes,Yes,Yes,Yes,Yes,Yes,Yes,393373.92,144184.19,Ward 3,263860,1860    0013,20015,Yes,GroceryStorePt_4,POINT (-77.0764593007974 38.96555324028616),26,27,001100,11001001100,4779,4641,4012,290,9,273,6,51,41,18,88,1,306,3773,290,4,268,3,25,32,9,80,0,3980,3355,260,9,243,6,34,20,11,45,1,242,3162,260,4,238,3,13,18,7,38,0,2234,2118,116,414.25397777,0.64727184,5698.762331716087,1676426.3803949275,361630195.0,101389.0,326529055.0,88358.0,410155292.0,97280.0,460087019.0,97640.0,449192481.0,113046.0,480166743.0,114189.5
11,Whole Foods,4530 40TH ST NW,2022375800,No,No,Yes,Yes,Yes,Tenley Town location,Yes,Yes,Yes,Yes,Yes,Yes,Yes,Yes,Yes,393133.54000000004,142358.92,Ward 3,265175,1770    0804,20016,Yes,GroceryStorePt_11,POINT (-77.07921470836419 38.94910888722987),26,27,001100,11001001100,4779,4641,4012,290,9,273,6,51,41,18,88,1,306,3773,290,4,268,3,25,32,9,80,0,3980,3355,260,9,243,6,34,20,11,45,1,242,3162,260,4,238,3,13,18,7,38,0,2234,2118,116,414.25397777,0.64727184,5698.762331716087,1676426.3803949275,361630195.0,101389.0,326529055.0,88358.0,410155292.0,97280.0,460087019.0,97640.0,449192481.0,113046.0,480166743.0,114189.5
5,Safeway,5545 CONNECTICUT AVE NW,2022446097,No,Yes,Yes,Yes,Yes,,Yes,Yes,Yes,Yes,Yes,Yes,Yes,Yes,Yes,393508.13,144078.34,Ward 3,263999,1867    0092,20015,Yes,GroceryStorePt_5,POINT (-77.07490966531481 38.96460071978336),30,31,001401,11001001401,3078,2975,2541,178,5,198,0,53,37,15,55,4,210,2394,176,1,198,0,12,36,14,44,4,2419,1992,162,4,173,0,40,17,14,22,4,160,1873,160,1,173,0,9,16,13,19,4,1478,1415,63,194.78101375,0.30434534,4033.3702948411274,788250.8011509959,230011349.0,91172.5,207763895.0,79863.5,255563544.0,81219.0,291619848.0,85111.0,294699961.0,102872.0,298582687.0,96830.5
6,Walmart Supercenter,5929 GEORGIA AVE NW,2027193770,No,No,No,No,No,Georgia Ave,No,No,No,No,Yes,Yes,Yes,Yes,Yes,397635.44,143796.02,Ward 4,254296,2986    0039,20011,Yes,GroceryStorePt_6,POINT (-77.02728513969279 38.962078321939),35,36,001901,11001001901,4016,3887,424,3023,31,36,3,370,99,56,19,3,625,285,2965,12,29,3,3,87,46,16,3,3190,342,2460,27,30,3,241,64,43,17,3,421,242,2418,11,27,3,2,59,34,14,3,1603,1503,100,190.04120651,0.29693939,3629.6554427724855,769069.4816643748,89722055.5,36750.0,96561062.0,37420.0,93389146.0,35486.0,98715158.0,38108.0,110110056.0,41377.0,119188692.0,42401.0
68,Safeway,6500 PINEY BRANCH RD NW,2027235644,No,No,Yes,Yes,Yes,,Yes,Yes,Yes,Yes,Yes,Yes,Yes,Yes,Yes,397699.34,144623.03,Ward 4,285341,2974    0020,20012,Yes,GroceryStorePt_68,POINT (-77.02655061039643 38.96952840268441),35,36,001901,11001001901,4016,3887,424,3023,31,36,3,370,99,56,19,3,625,285,2965,12,29,3,3,87,46,16,3,3190,342,2460,27,30,3,241,64,43,17,3,421,242,2418,11,27,3,2,59,34,14,3,1603,1503,100,190.04120651,0.29693939,3629.6554427724855,769069.4816643748,89722055.5,36750.0,96561062.0,37420.0,93389146.0,35486.0,98715158.0,38108.0,110110056.0,41377.0,119188692.0,42401.0
7,Walmart Supercenter,310 RIGGS RD NE,2027564418,No,No,No,No,No,Riggs Road,No,No,No,No,No,No,Yes,Yes,Yes,399814.33,143340.35,Ward 4,311574,3748    0052,20011,Yes,GroceryStorePt_7,POINT (-77.0021444681289 38.95797669309218),173,174,009505,11001009505,2630,2571,145,2274,3,25,6,118,49,19,14,4,201,109,2249,2,25,2,4,36,13,11,0,2197,113,1934,2,22,4,82,33,13,7,1,140,89,1913,1,22,2,2,26,12,6,0,1217,1138,79,254.66865835,0.39791978,4571.653132383325,1030607.5017278858,69676775.0,42972.0,74524698.0,41734.0,69233046.0,41221.0,72487872.0,42196.0,94197523.0,45732.0,105022944.0,46330.0
8,Tropimart International Foods,607 KENNEDY ST NW,2026272752,,,,,,,,,,,,,,,,398152.47000000003,143188.21,Ward 4,246733,3207    0089,20011,,GroceryStorePt_8,POINT (-77.02131788768961 38.95660425176423),110,111,002101,11001002101,5309,5075,675,3301,34,99,9,957,128,47,26,6,1651,260,3203,13,95,1,6,72,36,17,4,4155,536,2685,24,77,6,658,88,33,17,6,1152,239,2619,7,74,1,2,54,25,12,4,2183,1983,200,148.52620714,0.2320722,3187.2880507906443,601064.2388130906,94312486.76,26813.0,111940633.0,28176.5,100905873.0,27449.5,107570821.0,27870.5,112888946.0,29257.0,126189873.0,30443.0
9,Rodman’s,5100 WISCONSIN AVE NW,2023633466,,,,,,,,,,,,,,,,392731.53,143157.89,Ward 3,265883,1656    0009,20016,,GroceryStorePt_69,POINT (-77.08386082768217 38.95630298829644),17,18,001001,11001001001,7436,7168,6342,298,17,432,2,77,74,33,172,9,512,5925,295,9,427,2,22,61,28,164,8,5918,5097,249,14,365,2,65,38,23,71,8,387,4786,248,9,362,2,13,30,19,67,8,2834,2727,107,606.40178436,0.94750279,6507.906512504414,2454020.9701431664,441410751.0,114136.5,445020421.0,105423.5,482792403.0,109646.0,523214776.0,110482.5,563657398.0,128283.0,567841867.0,131571.0
12,Target,4500 WISCONSIN  AVE NW,2022925573,,,,,,,,,,,,,,,,393017.52,142295.49,Ward 3,264422,1730    0015,20016,,GroceryStorePt_12,POINT (-77.08055249629905 38.94853657775952),17,18,001001,11001001001,7436,7168,6342,298,17,432,2,77,74,33,172,9,512,5925,295,9,427,2,22,61,28,164,8,5918,5097,249,14,365,2,65,38,23,71,8,387,4786,248,9,362,2,13,30,19,67,8,2834,2727,107,606.40178436,0.94750279,6507.906512504414,2454020.9701431664,441410751.0,114136.5,445020421.0,105423.5,482792403.0,109646.0,523214776.0,110482.5,563657398.0,128283.0,567841867.0,131571.0
13,Wagshal’s Market,4845 MASSACHUSETTS AVE NW,2023630777,,,,,,,,,,,,,,,,391699.01,141984.27,Ward 3,284992,1499    0001,20016,,GroceryStorePt_13,POINT (-77.0957591117584 38.94572155159999),17,18,001001,11001001001,7436,7168,6342,298,17,432,2,77,74,33,172,9,512,5925,295,9,427,2,22,61,28,164,8,5918,5097,249,14,365,2,65,38,23,71,8,387,4786,248,9,362,2,13,30,19,67,8,2834,2727,107,606.40178436,0.94750279,6507.906512504414,2454020.9701431664,441410751.0,114136.5,445020421.0,105423.5,482792403.0,109646.0,523214776.0,110482.5,563657398.0,128283.0,567841867.0,131571.0
69,Safeway,4203 DAVENPORT ST NW,2023640290,Yes,Yes,Yes,Yes,Yes,,Yes,Yes,Yes,Yes,Yes,Yes,No,No,No,392852.16000000003,142717.87,Ward 3,301160,1672    0815,20016,No,GroceryStorePt_9,POINT (-77.08246449753962 38.95234016155867),17,18,001001,11001001001,7436,7168,6342,298,17,432,2,77,74,33,172,9,512,5925,295,9,427,2,22,61,28,164,8,5918,5097,249,14,365,2,65,38,23,71,8,387,4786,248,9,362,2,13,30,19,67,8,2834,2727,107,606.40178436,0.94750279,6507.906512504414,2454020.9701431664,441410751.0,114136.5,445020421.0,105423.5,482792403.0,109646.0,523214776.0,110482.5,563657398.0,128283.0,567841867.0,131571.0
10,Avenue Market,5010 NEW HAMPSHIRE AVE NW,2027261330,,,,,,,,,,,,,,,,398933.95,142612.14,Ward 4,306154,3403    0806,20011,,GroceryStorePt_10,POINT (-77.0123007836538 38.95141615466527),113,114,002202,11001002202,3087,2946,285,2177,26,28,1,429,105,34,19,19,648,174,2130,10,28,0,4,81,22,18,19,2440,232,1761,18,28,1,308,74,28,12,18,448,160,1727,9,28,0,4,56,17,11,18,1434,1272,162,171.85117555,0.26851746,3340.613291681235,695457.0375970316,53733218.0,29485.5,65242968.0,29500.0,59185960.0,31222.0,64348461.0,30895.0,68791897.0,31094.0,76191464.0,34486.0
14,Giant,4303 CONNECTICUT AVE NW,2023648250,No,Yes,Yes,Yes,Yes,,Yes,Yes,Yes,Yes,Yes,Yes,Yes,Yes,Yes,394523.79000000004,141846.96,Ward 3,301784,2049    0805,20008,Yes,GroceryStorePt_70,POINT (-77.06317251045735 38.94450677593537),29,30,001302,11001001302,6857,6672,5596,379,13,595,2,87,40,28,122,9,483,5219,371,7,587,2,21,36,25,115,9,6589,5395,359,13,569,2,84,38,28,106,9,459,5038,351,7,561,2,21,34,23,102,9,5375,4795,580,393.41836004,0.61471619,6378.547809913651,1592107.6264679222,319818452.0,68999.0,405180643.0,73585.0,417821164.0,69520.0,443957414.0,72262.0,401733884.0,73354.5,488935701.0,75148.0
18,Target,3505 CONNECTICUT AVE NW,2028923794,,,,,,,,,,,,,,,,394970.18,140886.73,Ward 3,301779,2222    0015,20008,,GroceryStorePt_18,POINT (-77.0580161995249 38.93585941366029),29,30,001302,11001001302,6857,6672,5596,379,13,595,2,87,40,28,122,9,483,5219,371,7,587,2,21,36,25,115,9,6589,5395,359,13,569,2,84,38,28,106,9,459,5038,351,7,561,2,21,34,23,102,9,5375,4795,580,393.41836004,0.61471619,6378.547809913651,1592107.6264679222,319818452.0,68999.0,405180643.0,73585.0,417821164.0,69520.0,443957414.0,72262.0,401733884.0,73354.5,488935701.0,75148.0
19,Streets Market,3427 CONNECTICUT AVE NW,2022449114,,,,,,,,,,,,,,,,394981.35000000003,140818.27,Ward 3,219257,2219    0809,20008,,GroceryStorePt_19,POINT (-77.05788686412507 38.93524276936389),29,30,001302,11001001302,6857,6672,5596,379,13,595,2,87,40,28,122,9,483,5219,371,7,587,2,21,36,25,115,9,6589,5395,359,13,569,2,84,38,28,106,9,459,5038,351,7,561,2,21,34,23,102,9,5375,4795,580,393.41836004,0.61471619,6378.547809913651,1592107.6264679222,319818452.0,68999.0,405180643.0,73585.0,417821164.0,69520.0,443957414.0,72262.0,401733884.0,73354.5,488935701.0,75148.0
20,Yes! Organic,3425 CONNECTICUT AVE NW,2023631559,No,No,No,No,Yes,Cleveland Park,Yes,Yes,Yes,Yes,Yes,Yes,Yes,Yes,Yes,394989.7,140809.79,Ward 3,219254,2219    0005,20008,Yes,GroceryStorePt_20,POINT (-77.0577904942142 38.93516642663926),29,30,001302,11001001302,6857,6672,5596,379,13,595,2,87,40,28,122,9,483,5219,371,7,587,2,21,36,25,115,9,6589,5395,359,13,569,2,84,38,28,106,9,459,5038,351,7,561,2,21,34,23,102,9,5375,4795,580,393.41836004,0.61471619,6378.547809913651,1592107.6264679222,319818452.0,68999.0,405180643.0,73585.0,417821164.0,69520.0,443957414.0,72262.0,401733884.0,73354.5,488935701.0,75148.0
15,Yes! Organic,4100 GEORGIA  AVENUE NW,2022915790,No,No,No,No,No,,Yes,Yes,Yes,Yes,Yes,Yes,Yes,Yes,Yes,397786.99,141460.14,Ward 4,300492,2910    0810,20011,Yes,GroceryStorePt_14,POINT (-77.0255289707541 38.94103647207615),119,120,002502,11001002502,5973,5514,1493,2496,39,91,5,1390,116,47,60,175,2532,837,2363,13,90,5,28,72,28,47,2,4826,1281,2079,28,83,4,1003,83,43,41,131,1876,778,1985,7,82,4,19,51,26,33,2,2415,2151,264,149.36200544,0.23337814,3238.906670947491,604446.5945645798,116055853.0,26090.0,156512610.0,32326.0,135667766.0,28524.0,149546963.97,30983.0,153589572.0,34494.0,184029268.0,37513.0
16,Safeway,3830 GEORGIA  AVE NW,2028821140,Yes,Yes,Yes,Yes,Yes,,Yes,Yes,Yes,Yes,Yes,Yes,Yes,Yes,Yes,397845.01,141173.71,Ward 4,225076,2905    0814,20011,Yes,GroceryStorePt_16,POINT (-77.02485883166266 38.93845637077936),119,120,002502,11001002502,5973,5514,1493,2496,39,91,5,1390,116,47,60,175,2532,837,2363,13,90,5,28,72,28,47,2,4826,1281,2079,28,83,4,1003,83,43,41,131,1876,778,1985,7,82,4,19,51,26,33,2,2415,2151,264,149.36200544,0.23337814,3238.906670947491,604446.5945645798,116055853.0,26090.0,156512610.0,32326.0,135667766.0,28524.0,149546963.97,30983.0,153589572.0,34494.0,184029268.0,37513.0
70,Morazan Grocery Store,3928 14TH ST NW,2027237480,,,,,,,,,,,,,,,,397136.32,141283.89,Ward 4,259021,2693    0044,20011,,GroceryStorePt_15,POINT (-77.03303361445171 38.93944688026951),119,120,002502,11001002502,5973,5514,1493,2496,39,91,5,1390,116,47,60,175,2532,837,2363,13,90,5,28,72,28,47,2,4826,1281,2079,28,83,4,1003,83,43,41,131,1876,778,1985,7,82,4,19,51,26,33,2,2415,2151,264,149.36200544,0.23337814,3238.906670947491,604446.5945645798,116055853.0,26090.0,156512610.0,32326.0,135667766.0,28524.0,149546963.97,30983.0,153589572.0,34494.0,184029268.0,37513.0
17,Yes! Organic,3809 12TH ST NE,2028327715,No,No,No,No,Yes,Brookland,Yes,Yes,Yes,Yes,Yes,Yes,Yes,Yes,Yes,400832.73,140992.28,Ward 5,30397,3925    0085,20017,Yes,GroceryStorePt_17,POINT (-76.99039744206605 38.93682424490822),172,173,009504,11001009504,3025,2940,643,2204,10,40,0,43,66,27,24,5,120,592,2187,5,40,0,3,62,27,24,5,2603,579,1892,7,38,0,28,44,20,17,3,89,540,1876,4,38,0,2,40,20,17,3,1354,1254,100,253.59064958,0.39623539,4227.412190022429,1026244.9549888513,69274045.0,43233.0,76802968.0,44206.5,72545466.0,41582.0,78335079.0,43487.0,83501617.0,44864.5,92795105.0,48695.5
21,Panam Grocery,3552 14TH ST NW,2025450290,,,,,,,,,,,,,,,,397936.98,140363.25,Ward 1,243394,2688    0054,20010,,GroceryStorePt_21,POINT (-77.02379557476016 38.93115572302315),91,92,003100,11001003100,2885,2757,949,1086,18,101,0,603,38,24,20,11,1037,652,1056,1,97,0,6,22,9,16,4,2439,856,919,15,92,0,460,31,18,17,10,789,628,894,1,90,0,5,19,8,15,4,1131,1009,122,72.84079601,0.11381374,2574.2554446549425,294776.24488345033,60468985.0,28420.0,96124283.0,35170.0,75002721.0,31472.5,86351514.2,34062.0,92848628.0,36878.0,109392822.0,39963.0
22,BestWorld Super Market,3178 MOUNT PLEASANT ST NW,2022653768,Yes,Yes,Yes,Yes,Yes,,Yes,Yes,Yes,Yes,Yes,Yes,Yes,Yes,Yes,396658.16000000003,140340.12,Ward 1,233149,2601    0667,20010,Yes,GroceryStorePt_22,POINT (-77.03854438909197 38.93094342714374),133,134,002702,11001002702,5226,5006,3439,699,48,205,1,614,65,38,58,14,1303,2924,652,15,202,0,24,43,21,52,11,4578,3057,635,37,185,1,494,46,32,44,12,1076,2620,591,11,183,0,15,32,18,39,9,2565,2311,254,124.92452393,0.19519457,3697.627804769025,505551.6149629946,198770793.0,43840.5,223639542.0,48746.5,216772349.0,45791.0,238216199.0,47500.0,232110688.0,47399.0,270883128.0,50917.0
24,El Progreso Market,3158 MOUNT PLEASANT ST NW,2024621151,,,,,,,,,,,,,,,,396681.69,140258.18,Ward 1,236467,2596    1055,20010,,GroceryStorePt_24,POINT (-77.03827261674165 38.93020537550058),133,134,002702,11001002702,5226,5006,3439,699,48,205,1,614,65,38,58,14,1303,2924,652,15,202,0,24,43,21,52,11,4578,3057,635,37,185,1,494,46,32,44,12,1076,2620,591,11,183,0,15,32,18,39,9,2565,2311,254,124.92452393,0.19519457,3697.627804769025,505551.6149629946,198770793.0,43840.5,223639542.0,48746.5,216772349.0,45791.0,238216199.0,47500.0,232110688.0,47399.0,270883128.0,50917.0
23,Giant,1345 PARK RD NW,2027771077,No,No,No,No,Yes,Tivoli Square,Yes,Yes,Yes,Yes,Yes,Yes,Yes,Yes,Yes,397232.21,140326.39,Ward 1,297595,2837    0079,20010,Yes,GroceryStorePt_23,POINT (-77.0319236902472 38.93082173909141),89,90,002900,11001002900,3962,3719,1606,1246,29,125,5,708,52,28,48,11,1370,1159,1213,4,125,5,17,31,11,40,3,3364,1460,1038,20,112,5,542,36,25,34,11,1058,1099,1016,3,112,5,16,23,11,30,3,1643,1448,195,74.70801484,0.11673127,2357.3989172211304,302332.6114582485,95743613.0,29736.0,137466819.0,37310.0,117975868.0,32774.0,132985526.0,35366.0,134545107.59,33953.5,158259296.0,36677.0
25,Good Food Markets,2006 RHODE ISLAND AVE NE,2022488494,,,,,,,,,,,,,,,,402183.58,140174.04,Ward 5,53027,4219    0030,20018,,GroceryStorePt_25,POINT (-76.97481915156219 38.92945097121794),156,157,011100,11001011100,4859,4727,322,4192,24,15,1,173,110,58,19,3,337,241,4147,18,15,1,8,88,46,19,3,3945,279,3410,21,13,1,123,85,43,12,3,237,223,3379,15,13,1,5,70,37,12,3,1868,1727,141,1497.65127059,2.34008013,13673.107138748504,6060779.698894324,101111776.0,40473.0,108672370.0,40625.5,99900451.0,40198.0,104974019.0,41009.0,115762533.0,41166.0,122414153.0,42315.0
26,Target,3100 14TH ST NW,2027773773,No,No,No,No,Yes,,Yes,Yes,Yes,Yes,Yes,Yes,Yes,Yes,Yes,397140.04000000004,140158.41,Ward 1,306304,2674    0721,20010,Yes,GroceryStorePt_26,POINT (-77.03298601467985 38.92930822797334),88,89,002802,11001002802,4277,4043,1753,1069,51,181,2,987,65,37,40,9,1843,1125,1034,9,180,1,4,43,18,28,2,3568,1564,854,38,166,2,750,55,32,34,7,1412,1073,834,7,165,1,3,37,17,28,2,2142,1935,207,56.34356824,0.08803683,2102.6069717406585,228014.33233941314,76017142.0,25506.0,113498858.0,31154.5,98267866.0,28033.5,104928617.0,28800.0,90869593.0,29954.0,111655848.0,34182.0
27,Safeway,1747 COLUMBIA RD NW,2026670774,Yes,Yes,Yes,Yes,Yes,,Yes,Yes,Yes,Yes,Yes,Yes,Yes,Yes,Yes,396445.44,139593.32,Ward 1,284083,2580    0512,20009,Yes,GroceryStorePt_27,POINT (-77.04099386279987 38.92421518348707),5,6,003900,11001003900,4474,4304,3285,563,21,225,4,206,88,43,59,3,553,2995,546,13,224,3,21,55,25,57,3,4225,3145,528,20,208,4,181,72,34,49,3,492,2884,511,13,207,3,17,46,24,47,3,2996,2806,190,99.08050118,0.15481328,3408.0806436443777,400964.5649077118,155878056.0,51160.0,206237963.0,59470.0,211741280.0,56264.5,215163653.0,58480.0,179473697.0,58736.0,214640250.0,63630.0
28,Harris Teeter,1631 KALORAMA RD,2029861415,No,No,No,No,Yes,Citadel,Yes,Yes,Yes,Yes,Yes,Yes,Yes,Yes,Yes,396666.63,139345.87,Ward 1,284059,2572    0036,20009,Yes,GroceryStorePt_28,POINT (-77.0384418623821 38.92198694131714),4,5,003800,11001003800,4614,4419,2884,825,22,261,1,426,77,37,78,7,935,2456,796,10,257,1,26,59,27,68,3,4177,2726,729,18,240,1,313,53,35,64,6,738,2364,705,8,236,1,22,39,26,55,2,2861,2625,236,87.92165175,0.13737758,2708.2950738027644,355806.3031736651,155960140.0,48799.0,209040361.0,54786.0,196678623.0,52077.0,213601983.0,54908.0,213544242.0,56380.0,235619338.0,60561.0
29,Yes! Organic,1825 COLUMBIA RD NW,2024625150,No,No,No,No,Yes,Adams Morgan,Yes,Yes,Yes,Yes,Yes,Yes,Yes,Yes,Yes,396209.7,139325.82,Ward 1,295011,2549    0636,20009,Yes,GroceryStorePt_29,POINT (-77.04371096490623 38.92180447221157),19,20,004001,11001004001,3745,3623,3237,139,5,162,8,72,33,26,60,5,345,2999,133,5,162,3,3,28,26,50,5,3486,3034,131,5,157,6,57,26,25,42,5,289,2825,130,5,157,3,2,23,19,40,5,2489,2305,184,68.1625484,0.10650398,2361.3353616505906,275844.04841566633,203836328.0,72807.0,230295472.0,77629.0,253288626.0,74273.0,262839923.0,78314.5,242543416.0,78459.5,269573000.0,85301.5
30,Whole Foods,2323 WISCONSIN AVE NW,2023335393,No,No,Yes,Yes,Yes,Georgetown,Yes,Yes,Yes,Yes,Yes,Yes,Yes,Yes,Yes,393789.84,139230.75,Ward 3,284358,1299    1028,20007,Yes,GroceryStorePt_30,POINT (-77.0716152331314 38.92093428097332),14,15,000400,11001000400,1455,1428,1247,50,2,103,0,26,9,2,15,1,123,1149,46,1,103,0,12,6,2,15,1,1218,1032,43,2,100,0,23,7,1,10,1,104,949,39,1,100,0,10,5,1,10,1,690,636,54,378.38282437,0.59122317,5949.909533558944,1531260.9720111191,244811632.0,104934.0,130390459.0,110621.0,224772922.0,101766.0,221418072.0,102512.0,260450481.0,130923.5,296162003.0,121711.0
36,Trader Joe's,2101 WISCONSIN AVE NW # A,2029448403,,,,,,,,,,,,,,,,394043.36,138828.56,Ward 3,279531,1299    0321,20007,,GroceryStorePt_36,POINT (-77.06868826971424 38.9173129772803),14,15,000400,11001000400,1455,1428,1247,50,2,103,0,26,9,2,15,1,123,1149,46,1,103,0,12,6,2,15,1,1218,1032,43,2,100,0,23,7,1,10,1,104,949,39,1,100,0,10,5,1,10,1,690,636,54,378.38282437,0.59122317,5949.909533558944,1531260.9720111191,244811632.0,104934.0,130390459.0,110621.0,224772922.0,101766.0,221418072.0,102512.0,260450481.0,130923.5,296162003.0,121711.0
31,Costco Wholesale,2441 MARKET ST NE,2022698540,No,No,No,No,No,Costco,No,No,No,Yes,Yes,Yes,Yes,Yes,Yes,404259.71,139220.21,Ward 5,309925,4327    0004,20018,Yes,GroceryStorePt_31,POINT (-76.95088115617465 38.92085095656862),41,42,009000,11001009000,2732,2648,113,2431,6,68,0,30,74,31,19,1,76,100,2412,5,68,0,3,64,31,16,1,2430,104,2170,6,58,0,22,62,30,13,1,57,95,2156,5,58,0,2,54,30,11,1,1646,1553,93,359.71954724,0.5620618,5394.277842134048,1455733.3686593429,56150253.0,43111.0,65837807.73,47746.0,53740241.0,41497.0,61387829.0,44821.0,83619685.28,52520.0,94751459.0,57961.0
32,Streets Market,2400 14TH ST NW,2022653300,No,No,No,No,No,Street's,No,No,No,No,No,Yes,Yes,Yes,Yes,397217.8,139209.69,Ward 1,234183,2661    0864,20009,Yes,GroceryStorePt_32,POINT (-77.03208536793328 38.92076210575761),3,4,003700,11001003700,5763,5507,1915,2527,22,212,10,821,134,60,55,15,1514,1490,2405,13,206,7,16,65,34,45,7,4798,1782,1988,17,193,9,605,106,50,49,10,1125,1450,1906,9,188,6,15,55,26,41,7,2570,2401,169,72.2318631,0.11286229,2297.040643539269,292311.98082742596,103905996.0,32263.0,162058134.0,41387.5,126923023.0,35705.5,143596631.0,38248.0,140501730.0,39131.0,181651966.0,45690.5
33,Streets Market,1864 COLUMBIA RD NW,2027580658,,,,,,,,,,,,,,,,396224.29000000004,139209.43,Ward 1,235402,2551    0063,20009,,GroceryStorePt_33,POINT (-77.04354207691901 38.92075605615907),20,21,004002,11001004002,2797,2720,2232,226,4,181,1,76,27,14,44,4,250,2088,209,2,179,1,3,22,12,41,4,2654,2135,209,3,170,1,67,24,15,41,3,227,1998,195,2,168,1,3,19,12,39,3,1916,1762,154,48.45148116,0.07570544,2132.734911504177,196076.18885450048,132421749.0,60460.5,170535365.0,65155.0,168856216.0,62671.0,182296727.25,65831.0,157938502.0,66742.0,181993123.0,71996.0
34,Giant,1050 BRENTWOOD RD NE,2022813900,No,No,No,Yes,Yes,,Yes,Yes,Yes,Yes,Yes,Yes,Yes,Yes,Yes,400656.59,139039.13,Ward 5,299835,3854    0802,20018,Yes,GroceryStorePt_34,POINT (-76.9924309344828 38.91922980577211),42,43,009102,11001009102,4127,4056,117,3820,11,13,0,95,51,20,9,3,173,95,3784,8,13,0,11,40,19,9,3,3039,107,2795,9,12,0,72,30,15,4,3,113,92,2778,7,12,0,7,27,15,4,3,1854,1662,192,453.50399118,0.70859999,6339.304691090167,1835265.5501791846,60148337.0,28156.0,77312944.0,28794.0,64202101.0,27377.0,74568845.91,28926.0,79762070.62,30721.5,89120109.76,31903.0
35,Yes! Organic,2123 14TH ST NW,2022326603,No,No,No,No,Yes,U Street,Yes,Yes,Yes,Yes,Yes,Yes,Yes,Yes,Yes,397258.09,138959.31,Ward 1,306454,0235    0204,20009,Yes,GroceryStorePt_35,POINT (-77.03161975008753 38.9185067273602),25,26,004400,11001004400,4572,4447,2989,1016,24,260,0,158,45,23,61,5,417,2778,982,18,259,0,15,42,20,57,5,4263,2876,886,21,248,0,129,37,24,49,5,366,2683,854,17,247,0,11,36,20,47,5,2651,2493,158,128.91278832,0.20142623,2944.7214368382115,521691.548437318,231491287.0,70297.0,325184107.0,77519.0,289136303.0,73367.0,327105530.0,76068.0,343052931.87,76726.0,402398133.0,82842.5
37,Target,1515 NEW YORK AVE NE,2029142396,,,,,,,,,,,,,,,,401560.12,138710.47,Ward 5,311951,4037    0011,20002,,GroceryStorePt_37,POINT (-76.98201281403125 38.91626798854292),145,146,008803,11001008803,2037,1958,694,1143,9,54,5,53,43,21,29,6,167,621,1117,8,52,5,3,33,16,27,5,1709,673,860,9,49,5,45,32,22,28,6,146,603,842,8,47,5,3,24,16,27,5,612,442,170,284.57698472,0.44465154,5287.299629218077,1151642.2051290127,9823344.0,16056.0,14330450.0,16546.0,11668374.0,16917.0,12715225.0,16095.0,18786961.0,21519.0,22956326.0,24186.0
40,Mom's Organic Market,1501 NEW YORK AVE NE,2027913826,No,No,No,No,No,Mom's,No,No,No,No,No,Yes,Yes,Yes,Yes,401423.07,138675.33000000002,Ward 5,311943,4037    0821,20002,Yes,GroceryStorePt_40,POINT (-76.98359318635836 38.91595166823911),145,146,008803,11001008803,2037,1958,694,1143,9,54,5,53,43,21,29,6,167,621,1117,8,52,5,3,33,16,27,5,1709,673,860,9,49,5,45,32,22,28,6,146,603,842,8,47,5,3,24,16,27,5,612,442,170,284.57698472,0.44465154,5287.299629218077,1151642.2051290127,9823344.0,16056.0,14330450.0,16546.0,11668374.0,16917.0,12715225.0,16095.0,18786961.0,21519.0,22956326.0,24186.0
45,Trader Joe's,1240 4TH ST NE,0,No,No,No,No,No,,No,No,No,No,No,No,No,No,No,399951.16000000003,137746.72,Ward 5,285974,3587    0820,20002,No,GroceryStorePt_45,POINT (-77.00056536941746 38.90758758276733),145,146,008803,11001008803,2037,1958,694,1143,9,54,5,53,43,21,29,6,167,621,1117,8,52,5,3,33,16,27,5,1709,673,860,9,49,5,45,32,22,28,6,146,603,842,8,47,5,3,24,16,27,5,612,442,170,284.57698472,0.44465154,5287.299629218077,1151642.2051290127,9823344.0,16056.0,14330450.0,16546.0,11668374.0,16917.0,12715225.0,16095.0,18786961.0,21519.0,22956326.0,24186.0
38,Safeway,1855 WISCONSIN AVE NW,2023333223,Yes,No,No,Yes,Yes,,Yes,Yes,Yes,Yes,Yes,Yes,Yes,Yes,Yes,394141.03,138696.71,Ward 2,224665,1299    1040,20007,Yes,GroceryStorePt_38,POINT (-77.06756091263733 38.91612588552243),10,11,000100,11001000100,4890,4808,4444,105,9,201,2,47,17,12,47,2,296,4202,101,8,198,2,15,16,10,43,2,4305,3924,93,8,184,2,33,11,12,30,2,257,3711,90,7,181,2,9,10,10,26,2,2999,2686,313,585.8460139,0.9153844,10028.236285226843,2370834.7179739964,551823378.0,89357.0,444019426.0,86101.5,563927063.0,88250.0,806141206.0,92634.0,856267279.0,108308.0,698565228.0,110944.5
39,Trader Joe's,1914 14TH ST NW,2029861591,No,No,No,No,No,14th Street NW,No,No,No,No,No,Yes,Yes,Yes,Yes,397203.72000000003,138692.26,Ward 2,302384,0205    0847,20009,Yes,GroceryStorePt_39,POINT (-77.03224561287334 38.91610088111984),24,25,004300,11001004300,3255,3164,1849,901,18,157,2,237,38,21,35,4,492,1642,889,12,149,2,6,29,17,32,4,2963,1795,767,13,150,2,159,33,21,29,4,387,1606,756,9,144,2,5,25,17,27,4,2084,1943,141,58.47083608,0.09136068,2045.4256078194412,236623.0799359324,107576663.0,47515.5,161937053.0,56174.0,146211088.0,52695.0,158072679.0,55500.0,160486937.03,57442.5,200919104.0,65979.0
41,Glen's Garden Market,2001 S ST  NW,2025885698,,,,,,,,,,,,,,,,396080.16000000003,138491.14,Ward 2,242564,0090    0032,20009,,GroceryStorePt_41,POINT (-77.04520001770737 38.9142848313131),23,24,004202,11001004202,2771,2688,2281,129,10,216,3,49,19,12,50,7,215,2133,126,6,214,3,7,16,7,47,6,2691,2228,124,9,201,3,46,19,12,48,7,208,2083,121,6,199,3,6,16,7,45,6,1915,1787,128,51.4938138,0.08045908,2102.861145550352,208388.07234660737,120039686.0,60675.0,165982765.0,67958.0,163715989.0,65293.0,171191044.0,70077.5,140618969.0,65831.0,168607571.0,69537.0
42,Safeway,1701 CORCORAN ST NW,2026676825,Yes,Yes,Yes,Yes,Yes,,Yes,Yes,Yes,Yes,Yes,Yes,Yes,Yes,Yes,396621.59,138243.64,Ward 2,241699,0155    0231,20009,Yes,GroceryStorePt_42,POINT (-77.03895582799449 38.91205751595903),67,68,005301,11001005301,5051,4902,4121,179,17,455,4,126,37,24,96,4,432,3847,171,7,451,2,16,29,19,92,4,4920,4039,169,16,442,4,116,34,22,84,4,413,3770,163,7,438,2,16,27,17,80,4,3890,3608,282,70.76334226,0.11056772,2322.2397484710023,286369.0877798387,226732166.0,64826.0,288225330.0,72068.0,295640286.0,68569.0,343695487.0,71067.0,263936773.0,70086.5,326386690.0,76569.5
43,Metro Supermarket,2130 P ST NW #5,2028333720,,,,,,,,,,,,,,,,395805.35000000003,137959.03,Ward 2,298500,0068    0088,20037,,GroceryStorePt_43,POINT (-77.0483654643336 38.90949013493611),68,69,005500,11001005500,6671,6454,5135,628,18,590,1,82,63,37,121,10,493,4752,613,13,586,1,24,58,30,117,10,6476,5000,611,17,574,1,76,57,36,108,10,474,4628,597,13,570,1,18,53,30,106,10,4983,4185,798,157.5255182,0.24613362,3987.9663975025665,637483.1588097354,333923999.0,73032.0,409244354.0,78901.5,425105796.0,75480.0,505477215.0,77201.5,444403949.0,80908.0,536412412.0,81726.0
47,Streets Market,1255 22ND ST NW,2026520843,,,,,,,,,,,,,,,,395805.37,137648.24,Ward 2,242473,0070    0198,20037,,GroceryStorePt_47,POINT (-77.04836333526443 38.90669043121419),68,69,005500,11001005500,6671,6454,5135,628,18,590,1,82,63,37,121,10,493,4752,613,13,586,1,24,58,30,117,10,6476,5000,611,17,574,1,76,57,36,108,10,474,4628,597,13,570,1,18,53,30,106,10,4983,4185,798,157.5255182,0.24613362,3987.9663975025665,637483.1588097354,333923999.0,73032.0,409244354.0,78901.5,425105796.0,75480.0,505477215.0,77201.5,444403949.0,80908.0,536412412.0,81726.0
51,Trader Joe's,1101 25TH ST NW,2022961921,No,No,No,No,Yes,West End,Yes,Yes,Yes,Yes,Yes,Yes,Yes,Yes,Yes,395401.79000000004,137371.89,Ward 2,303613,0025    0022,20037,Yes,GroceryStorePt_51,POINT (-77.05301445799768 38.90419895489276),68,69,005500,11001005500,6671,6454,5135,628,18,590,1,82,63,37,121,10,493,4752,613,13,586,1,24,58,30,117,10,6476,5000,611,17,574,1,76,57,36,108,10,474,4628,597,13,570,1,18,53,30,106,10,4983,4185,798,157.5255182,0.24613362,3987.9663975025665,637483.1588097354,333923999.0,73032.0,409244354.0,78901.5,425105796.0,75480.0,505477215.0,77201.5,444403949.0,80908.0,536412412.0,81726.0
44,Giant,1400 7TH ST NW,2022380180,No,No,No,No,No,O Street Market,No,No,No,No,Yes,Yes,Yes,Yes,Yes,398081.2,137878.29,Ward 6,304153,0398    0836,20001,Yes,GroceryStorePt_44,POINT (-77.02212530524505 38.90877071707105),62,63,004901,11001004901,2087,2036,793,1075,14,94,1,59,30,13,21,0,178,686,1060,12,94,1,16,24,11,21,0,1696,730,794,14,80,1,38,23,12,16,0,128,652,786,12,80,1,5,19,11,16,0,1094,971,123,67.17793143,0.10496552,2112.988510213666,271859.4448496739,52574029.0,35398.0,77147230.0,44409.0,57630673.0,39410.0,66056089.0,43123.0,107168062.0,52044.0,136442151.0,59090.0
46,Capitol Super Market,1231 11TH ST NW,2022891336,No,No,No,No,Yes,,Yes,Yes,Yes,Yes,Yes,Yes,Yes,Yes,Yes,397685.02,137659.43,Ward 2,239341,0340    0824,20001,Yes,GroceryStorePt_46,POINT (-77.02669235762392 38.9067981958319),63,64,004902,11001004902,2690,2615,1330,812,11,166,6,290,21,9,26,6,468,1193,805,4,166,1,11,16,8,22,6,2354,1281,615,8,162,4,220,18,9,23,5,375,1162,610,3,162,1,5,14,8,20,5,1530,1417,113,65.20095982,0.1018765,2052.2824359682036,263858.92456730484,98407326.0,44608.5,123680131.0,52213.5,116868349.0,50705.0,126553450.0,51963.0,123848559.0,53770.0,141451695.0,59191.5
48,Harris Teeter,1201 1ST ST NE,2029861415,No,No,No,No,No,,No,No,Yes,Yes,Yes,Yes,Yes,Yes,Yes,399523.62,137573.06,Ward 6,303728,0711    0816,20002,Yes,GroceryStorePt_48,POINT (-77.00549454925675 38.9060230649165),151,152,010600,11001010600,3933,3814,1624,1992,15,126,0,57,70,44,38,3,177,1548,1969,3,123,0,10,63,39,35,2,3397,1503,1622,14,117,0,47,52,37,33,2,141,1442,1603,3,115,0,10,48,33,30,2,1927,1670,257,305.56417488,0.47744403,5269.162516465639,1236574.3509128017,121226133.0,46770.0,256230114.0,55071.5,161447062.0,51645.0,209503581.0,53822.0,231914897.58,55353.0,313701867.0,58798.5
49,Streets Market,51 M ST NE,2028981314,,,,,,,,,,,,,,,,399369.52,137510.85,Ward 6,314143,0673    0035,20002,,GroceryStorePt_49,POINT (-77.00727113699227 38.90546255831052),151,152,010600,11001010600,3933,3814,1624,1992,15,126,0,57,70,44,38,3,177,1548,1969,3,123,0,10,63,39,35,2,3397,1503,1622,14,117,0,47,52,37,33,2,141,1442,1603,3,115,0,10,48,33,30,2,1927,1670,257,305.56417488,0.47744403,5269.162516465639,1236574.3509128017,121226133.0,46770.0,256230114.0,55071.5,161447062.0,51645.0,209503581.0,53822.0,231914897.58,55353.0,313701867.0,58798.5
55,Giant,300 H ST NE,2025485100,No,No,No,No,No,H Street NE,No,No,No,No,Yes,Yes,Yes,Yes,Yes,399857.33,136953.04,Ward 6,308511,0776    0054,20002,Yes,GroceryStorePt_55,POINT (-77.00164702126361 38.9004378222694),151,152,010600,11001010600,3933,3814,1624,1992,15,126,0,57,70,44,38,3,177,1548,1969,3,123,0,10,63,39,35,2,3397,1503,1622,14,117,0,47,52,37,33,2,141,1442,1603,3,115,0,10,48,33,30,2,1927,1670,257,305.56417488,0.47744403,5269.162516465639,1236574.3509128017,121226133.0,46770.0,256230114.0,55071.5,161447062.0,51645.0,209503581.0,53822.0,231914897.58,55353.0,313701867.0,58798.5
57,Whole Foods,600 H ST NE,2024697410,No,No,No,No,No,,No,No,No,No,No,No,No,No,Yes,400160.9,136949.34,Ward 6,311750,0858    0866,20002,Yes,GroceryStorePt_57,POINT (-76.99814738644127 38.90040448832144),151,152,010600,11001010600,3933,3814,1624,1992,15,126,0,57,70,44,38,3,177,1548,1969,3,123,0,10,63,39,35,2,3397,1503,1622,14,117,0,47,52,37,33,2,141,1442,1603,3,115,0,10,48,33,30,2,1927,1670,257,305.56417488,0.47744403,5269.162516465639,1236574.3509128017,121226133.0,46770.0,256230114.0,55071.5,161447062.0,51645.0,209503581.0,53822.0,231914897.58,55353.0,313701867.0,58798.5
50,Dean & DeLuca,3276 M ST NW,2023422500,No,No,No,No,Yes,Georgetown,Yes,Yes,Yes,Yes,Yes,Yes,Yes,Yes,Yes,394349.18,137435.69,Ward 2,273712,1186    0800,20007,Yes,GroceryStorePt_50,POINT (-77.06515039926714 38.90476755049139),12,13,000202,11001000202,5425,5294,4705,159,5,375,3,47,33,16,76,7,343,4438,150,3,370,3,12,27,14,68,6,5061,4384,155,4,360,3,43,26,15,65,7,320,4132,146,3,355,3,10,22,14,59,6,2143,1933,210,305.03946428,0.47662417,6742.459376772282,1234450.922434971,379656242.0,116867.0,244019719.0,95033.5,365051633.0,109460.5,390987146.0,106470.0,433631252.0,114630.0,429158437.0,115586.0
52,Safeway,490 L ST NW,2027192435,No,No,No,No,Yes,Mt. Vernon Square,Yes,Yes,Yes,Yes,Yes,Yes,Yes,Yes,Yes,398408.10000000003,137292.77,Ward 6,304767,0515    0158,20001,Yes,GroceryStorePt_52,POINT (-77.01835490587573 38.90349680089166),58,59,004701,11001004701,3986,3919,595,2754,19,530,1,20,45,27,23,4,108,549,2725,13,527,1,3,39,24,23,4,3066,580,1923,17,469,1,20,36,20,21,4,98,536,1900,12,466,1,3,31,18,21,4,2138,2002,136,79.37474624,0.12402304,2917.4125723239235,321218.20350636187,62945849.0,27406.0,104928195.0,36630.0,78637972.0,29027.0,96427153.0,32836.0,106712117.0,36532.5,145902602.0,45305.0
53,Whole Foods,2201 EYE ST NW,2022961660,No,No,No,No,No,Foggy Bottom,No,No,Yes,Yes,Yes,Yes,Yes,Yes,Yes,395743.74,137007.55,Ward 2,310098,0054    7011,20037,Yes,GroceryStorePt_53,POINT (-77.04906991376862 38.90091857333817),153,154,010800,11001010800,6408,6194,5146,279,2,708,3,56,133,32,150,27,268,4946,277,2,706,2,6,129,29,149,27,6381,5132,270,2,706,3,56,131,32,148,27,265,4933,269,2,704,2,6,128,29,148,27,1115,1034,81,163.46463812,0.2554135,3482.465158007078,661517.9245464156,23332003.5,39566.0,35939787.0,42735.0,33571416.0,40108.0,44924794.0,39390.0,33640053.0,41873.0,38436301.0,47991.5
54,Safeway,1601 MARYLAND AVE NE,2023986903,No,No,Yes,Yes,Yes,,Yes,Yes,Yes,Yes,Yes,Yes,Yes,Yes,Yes,401754.81,136968.47,Ward 5,297814,4493    0001,20002,Yes,GroceryStorePt_54,POINT (-76.97977231662441 38.90057508208876),40,41,008904,11001008904,3309,3249,33,3170,8,10,1,27,59,30,11,2,61,27,3154,8,10,0,0,48,27,8,1,2569,32,2461,8,8,1,20,38,19,6,1,46,26,2448,8,8,0,0,32,17,5,1,1788,1539,249,112.8069603,0.17626088,3121.4391298904884,456513.57447954826,31336668.91,23070.5,38466036.9,23445.0,33444738.0,23349.5,35689645.63,23597.0,43140351.51,24356.5,47867201.0,26051.0
76,Aldi,901 17TH ST NE,8559552534,No,No,No,No,No,,No,No,Yes,Yes,Yes,Yes,Yes,Yes,Yes,401905.76,137078.87,Ward 5,308898,4488    0040,20002,Yes,GroceryStorePt_76,POINT (-76.97803182686684 38.90156929061075),40,41,008904,11001008904,3309,3249,33,3170,8,10,1,27,59,30,11,2,61,27,3154,8,10,0,0,48,27,8,1,2569,32,2461,8,8,1,20,38,19,6,1,46,26,2448,8,8,0,0,32,17,5,1,1788,1539,249,112.8069603,0.17626088,3121.4391298904884,456513.57447954826,31336668.91,23070.5,38466036.9,23445.0,33444738.0,23349.5,35689645.63,23597.0,43140351.51,24356.5,47867201.0,26051.0
56,Walmart Supercenter,99 H ST NW,2027192110,No,No,No,No,No,H Street,No,No,No,No,Yes,Yes,Yes,Yes,Yes,398960.4,136949.39,Ward 6,310062,0623    0836,20001,Yes,GroceryStorePt_56,POINT (-77.01198706322641 38.90040433820316),59,60,004702,11001004702,1802,1742,703,853,0,158,1,27,35,14,21,1,95,659,844,0,158,1,5,24,8,16,1,1647,693,724,0,157,1,21,31,11,17,1,84,649,716,0,157,1,4,22,8,14,1,988,922,66,80.1862984,0.12529109,2950.7580949410235,324502.4385789136,68048639.0,59074.0,106167879.0,69010.0,92778875.0,68605.0,108357349.0,67405.5,104919301.0,61331.0,138666390.0,69195.0
58,Market at Columbia Plaza,516 23RD ST NW,2022233517,,,,,,,,,,,,,,,,395563.58,136520.96,Ward 2,298798,0033    0087,20037,,GroceryStorePt_58,POINT (-77.05114371697833 38.89653430411959),69,70,005600,11001005600,6756,6523,5107,517,13,797,0,89,105,47,130,7,428,4810,495,11,794,0,17,96,42,119,7,6629,5031,506,13,785,0,85,98,47,110,7,414,4742,484,11,782,0,17,89,42,100,7,4059,3347,712,117.38224028,0.18340975,4364.539698623044,475029.0757837946,167255800.0,63663.0,192250360.0,61943.5,208921431.0,59263.0,248986836.82,64756.0,203331811.0,67936.0,233194623.0,67328.0
59,Trader Joe's,750 PENNSYLVANIA AVE SE,2026980190,No,No,No,No,No,,No,No,No,No,No,No,No,No,Yes,400388.38,135210.64,Ward 6,313096,0901    0804,20003,Yes,GroceryStorePt_77,POINT (-76.9955259196549 38.88474156067006),74,75,006600,11001006600,1909,1876,1718,58,11,70,1,18,15,8,14,1,78,1659,56,10,70,1,4,14,8,13,1,1680,1525,50,10,58,1,15,10,7,9,0,60,1482,48,10,58,1,2,9,7,8,0,1143,1016,127,73.19528589,0.11436764,2663.238244100569,296210.8145509497,106170076.0,88338.0,117490965.0,80400.0,123630521.0,81172.0,136743813.0,87030.0,133316015.0,92949.0,138452048.0,90957.0
60,Safeway,415 14TH ST SE,2025474333,Yes,Yes,Yes,Yes,Yes,,Yes,Yes,Yes,Yes,Yes,Yes,Yes,Yes,Yes,401167.04000000004,135078.34,Ward 6,26239,1042    0829,20003,Yes,GroceryStorePt_60,POINT (-76.9865515080303 38.88354906285547),79,80,006900,11001006900,2179,2121,1404,636,7,61,2,11,11,13,35,2,87,1340,630,6,61,2,6,9,6,32,2,1888,1234,548,6,52,2,7,9,10,23,1,68,1180,545,5,52,2,2,7,6,22,1,1190,1114,76,101.3774853,0.15840232,2860.1322800708276,410260.12991080544,96831762.0,74417.0,117789037.0,79464.5,111579539.0,75970.0,124386107.0,78466.0,124366685.0,83717.0,136440279.0,86964.5
61,Yes! Organic,410 8TH ST SE,2025469850,No,No,No,No,Yes,Capitol Hill,Yes,Yes,Yes,Yes,Yes,Yes,Yes,Yes,Yes,400463.21,135060.64,Ward 6,300093,0925    0026,20003,Yes,GroceryStorePt_61,POINT (-76.99466355031821 38.88339026661765),80,81,007000,11001007000,2812,2748,2209,433,8,65,4,29,23,11,31,3,162,2093,423,7,64,4,9,20,9,27,2,2596,2074,378,8,61,4,24,18,11,19,3,144,1968,371,7,60,4,5,16,9,18,2,1268,1195,73,103.8770495,0.16230789,2909.0080637508945,420375.50739290786,105497762.0,75046.5,113568529.0,74503.0,116461048.0,73158.5,119493354.0,77934.0,126183172.0,81669.0,147508156.0,83749.0
62,Whole Foods Market,101 H ST SE,2024697280,,,,,,,,,,,,,,,,399591.26,134715.97,Ward 6,315544,0737    0827,20003,,GroceryStorePt_62,POINT (-77.00471301493637 38.88028537177096),46,47,007200,11001007200,2794,2709,1670,862,4,144,0,29,38,20,30,6,155,1569,851,3,143,0,3,34,18,30,6,2658,1617,793,4,138,0,29,34,18,27,6,151,1518,782,3,137,0,3,31,17,27,6,2370,1830,540,405.66750252,0.63385548,5365.257136959865,1641678.147689527,107909588.0,64030.0,186295174.0,70045.0,147535588.0,70485.5,183471831.0,74226.0,197488193.0,64040.0,247923152.0,69664.0
65,Harris Teeter,401 M ST SE,2025540164,No,No,No,No,No,Navy Yard,No,No,No,No,No,Yes,Yes,Yes,Yes,399991.82,134265.15,Ward 6,309432,0771    0811,20003,Yes,GroceryStorePt_65,POINT (-77.0000965513043 38.87622430239726),46,47,007200,11001007200,2794,2709,1670,862,4,144,0,29,38,20,30,6,155,1569,851,3,143,0,3,34,18,30,6,2658,1617,793,4,138,0,29,34,18,27,6,151,1518,782,3,137,0,3,31,17,27,6,2370,1830,540,405.66750252,0.63385548,5365.257136959865,1641678.147689527,107909588.0,64030.0,186295174.0,70045.0,147535588.0,70485.5,183471831.0,74226.0,197488193.0,64040.0,247923152.0,69664.0
63,Harris Teeter,1350 POTOMAC AVE SE,2025431040,No,No,No,No,Yes,Jenkins Row,Yes,Yes,Yes,Yes,Yes,Yes,Yes,Yes,Yes,401160.72000000003,134707.64,Ward 6,303730,1045    0138,20003,Yes,GroceryStorePt_63,POINT (-76.98662497531038 38.88020966142363),81,82,007100,11001007100,2911,2807,977,1703,15,72,0,40,44,31,39,2,158,898,1691,15,71,0,7,36,21,32,2,2289,895,1209,12,70,0,31,32,26,24,2,119,830,1201,12,69,0,6,29,17,20,2,1461,1342,119,180.70823247,0.28235662,3852.778052123699,731300.2754760486,73551776.0,42529.0,90074658.0,44333.0,88319005.0,43479.0,89640055.0,41845.0,90963474.0,44853.0,100613150.0,49413.5
64,Safeway,1100 4TH ST SW,2025549155,No,Yes,Yes,Yes,Yes,,Yes,Yes,Yes,Yes,Yes,Yes,Yes,Yes,Yes,398511.05,134420.39,Ward 6,307170,0542    0872,20024,Yes,GroceryStorePt_64,POINT (-77.01716180534368 38.8776215046911),102,103,010200,11001010200,2324,2208,1132,918,8,118,1,31,78,37,28,1,138,1057,900,5,118,1,8,64,30,27,1,2193,1097,857,8,111,1,31,58,35,20,1,128,1029,839,5,111,1,8,47,30,19,1,1654,1465,189,342.52280123,0.53519188,5083.27201049632,1386140.6062247667,87260141.0,60379.5,103762693.0,62109.0,103406574.0,61275.0,111525170.0,63261.5,109619741.0,62140.0,135720406.0,67011.0
66,Safeway,2845 ALABAMA  AVE SE,2025757525,No,No,Yes,Yes,Yes,,Yes,Yes,Yes,Yes,Yes,Yes,Yes,Yes,Yes,402892.75,132357.23,Ward 7,278282,5642    0001,20020,Yes,GroceryStorePt_66,POINT (-76.96667322313844 38.85903221903564),123,124,007603,11001007603,4044,3961,244,3645,26,19,1,26,76,39,4,3,89,224,3613,23,19,0,1,72,38,4,2,3331,221,2990,19,15,1,20,59,27,4,3,72,205,2964,17,15,0,1,55,26,4,2,2328,2121,207,303.08192102,0.4735655,4994.7233679411775,1226529.0258887769,95985961.0,42744.0,96251269.0,41564.0,96420454.0,41551.0,100710493.0,41409.0,100775617.0,41528.5,106625544.0,42402.0
67,Giant,1535 ALABAMA AVE SE,2026106464,No,No,No,No,Yes,Camp Simms,Yes,Yes,Yes,Yes,Yes,Yes,Yes,Yes,Yes,401649.66000000003,130793.59,Ward 8,306557,5912    0818,20032,Yes,GroceryStorePt_67,POINT (-76.98099933099755 38.84494948017701),48,49,007304,11001007304,3546,3513,41,3443,10,7,1,11,32,13,8,2,38,40,3420,9,7,1,3,27,13,8,2,2429,39,2347,6,7,1,10,18,9,4,2,24,38,2333,5,7,1,3,17,9,4,2,1376,1198,178,308.98569001,0.48279014,5527.038452858518,1250420.73146695,36698222.0,22766.0,39995849.95,20922.0,37593142.0,22045.0,38956385.0,21596.0,42476757.47,22262.0,46570052.0,23679.0
71,Giant,3336 WISCONSIN AVE NW,2022445922,No,Yes,Yes,Yes,Yes,,Yes,Yes,Yes,Yes,Yes,Yes,Yes,Yes,Yes,393671.02,140720.27,Ward 3,223125,1920    0844,20016,Yes,GroceryStorePt_71,POINT (-77.07299916212476 38.93435149372009),18,19,001002,11001001002,3442,3329,2788,185,7,311,0,38,35,24,59,6,271,2564,178,5,311,0,9,32,24,56,5,3226,2637,165,7,297,0,33,24,22,44,6,241,2438,159,5,297,0,8,21,20,43,5,2342,2089,253,219.83405344,0.34349071,3952.278513422604,889636.8562907474,119559942.0,74658.0,134639759.0,76705.0,130340038.0,74072.0,142883669.4,76636.5,124109798.0,78338.0,144272959.0,79814.5
72,Save-A-Lot,514 RHODE ISLAND AVE NE,2026363780,No,No,No,No,No,,No,No,No,Yes,Yes,Yes,Yes,Yes,Yes,400008.27,139329.72,Ward 5,288529,3629    0007,20002,Yes,GroceryStorePt_72,POINT (-76.99990690595715 38.92184778035629),45,46,009204,11001009204,2557,2503,170,2062,25,14,0,232,36,30,5,1,318,130,2044,8,14,0,4,32,26,5,1,2028,159,1638,24,14,0,152,30,23,5,1,216,126,1628,8,14,0,3,26,22,5,1,1369,1292,77,74.8843334,0.11700677,2526.4961862158057,303046.1473442489,28552707.0,26231.0,34706643.0,26124.0,29833027.0,25945.0,33222221.0,25277.0,34168438.0,26411.0,37791141.0,28475.0
73,Safeway,4865 MACARTHUR BLVD NW,2023375649,No,Yes,Yes,Yes,Yes,,Yes,Yes,Yes,Yes,Yes,Yes,Yes,Yes,Yes,391678.11,138844.95,Ward 3,285004,1389    0025,20007,Yes,GroceryStorePt_73,POINT (-77.09596212516878 38.91744140841091),85,86,000801,11001000801,6709,6526,5719,316,5,374,1,111,58,13,118,5,572,5284,299,3,372,1,27,48,15,97,5,5691,4880,278,5,325,0,86,36,19,73,5,476,4506,266,3,323,0,18,30,15,69,5,3528,3207,321,760.09512032,1.18764863,8440.167934966328,3075995.8375650803,556165589.0,97849.5,429046240.0,94346.0,582273934.0,94581.0,932925890.0,99819.5,682255278.0,114495.0,762051697.0,122703.0
74,Whole Foods,1440 P ST NW,2023324300,No,No,No,Yes,Yes,Logan Circle,Yes,Yes,Yes,Yes,Yes,Yes,Yes,Yes,Yes,397088.79000000004,137959.45,Ward 2,279174,0210    0128,20005,Yes,GroceryStorePt_74,POINT (-77.03356774007035 38.90949910711768),66,67,005201,11001005201,6077,5878,4398,775,20,442,19,224,65,47,99,8,612,4079,757,9,438,3,18,58,32,91,8,5811,4305,672,20,429,15,197,56,45,82,7,562,3999,656,9,425,3,16,49,32,78,7,4548,4200,348,83.93588152,0.13114982,2661.8420574021875,339676.4632158637,268298733.0,66130.0,401961716.0,75149.0,360312493.0,70538.0,397149782.0,73528.0,376053670.0,76106.5,442277202.0,81647.5
75,Streets Market,1221 MASSACHUSSETTS AVE NW,2024147891,,,,,,,,,,,,,,,,397480.95,137460.76,Ward 2,240918,0282    0044,20005,,GroceryStorePt_75,POINT (-77.02904442323587 38.9050079456299),65,66,005002,11001005002,6021,5799,3225,1152,33,328,5,1056,75,39,79,4,1676,2737,1120,15,326,4,15,50,27,73,4,5480,3128,1037,27,305,5,790,61,37,63,3,1340,2693,1008,15,303,4,8,42,27,58,3,3853,3475,378,57.69594676,0.09014992,2245.1408510690276,233487.2140659817,192352559.0,39733.0,266261760.0,53208.0,250076730.0,48270.5,278673551.0,51141.0,219968978.0,53829.0,259592000.0,59810.5
77,Safeway,322 40TH ST NE,2023972802,Yes,Yes,Yes,Yes,Yes,,Yes,Yes,Yes,Yes,Yes,Yes,Yes,Yes,Yes,404558.4,136144.21,Ward 7,295141,5051N   0840,20019,Yes,GroceryStorePt_59,POINT (-76.94745719705949 38.89313978162216),135,136,009603,11001009603,3373,3305,25,3236,10,7,1,26,53,35,17,4,62,17,3220,9,7,1,3,47,32,13,2,2646,22,2545,6,5,1,17,38,24,15,4,39,17,2536,5,5,1,2,34,22,11,2,1750,1588,162,157.96184789,0.24681539,3866.067515950043,639248.9224237486,50548063.0,29854.0,54782066.0,29205.0,51432289.0,28037.5,52174930.0,28187.0,55087454.94,27981.0,58282104.0,29140.0
78,Yes! Organic,2323 PENNSYLVANIA AVE SE,2025821480,No,No,No,No,No,,No,Yes,Yes,Yes,No,No,No,No,No,402365.01,134033.39,Ward 7,48543,5560    0055,20020,No,GroceryStorePt_78,POINT (-76.97274786739939 38.8741333364631),122,123,007601,11001007601,4355,4285,140,4109,7,21,0,8,64,31,12,2,61,124,4075,6,21,0,4,59,28,11,2,3411,132,3200,7,18,0,6,42,26,8,2,48,118,3175,6,18,0,2,39,24,7,2,2196,1855,341,312.10958149,0.48767122,4733.026790838793,1263062.671833,65787519.0,28653.0,72209610.0,29757.0,67410946.0,28397.0,72573691.0,29717.0,76798005.0,30483.5,82541867.0,30846.0
79,Whole Foods,967 FLORIDA AVE NW,2025193400,No,No,No,No,No,,No,No,No,No,No,No,No,No,No,397861.5,139107.39,Ward 1,319123,2873    1102,20001,No,GroceryStorePt_79,POINT (-77.02486798416666 38.91975734622246),1,2,003500,11001003500,3740,3594,626,2681,14,106,0,167,91,26,28,8,371,530,2620,11,106,0,7,70,24,25,7,3398,581,2444,13,104,0,131,85,26,23,8,292,508,2387,10,104,0,7,70,24,20,7,1189,964,225,94.35238321,0.1474256,2982.4735584343125,381830.5502365993,46454657.0,30673.5,66239783.0,32859.5,55914150.0,30555.5,60909648.0,32885.0,78873551.0,40450.0,97549566.0,44843.0
