the_geom,cartodb_id,objectid,fid_grocer,fid_groc_1,facilityid,fid_pov_ac,geoid,first_tota,first_unde,first_over,poparea,shape_leng,partpop,partunder1,partover18,partarea,arearatio,groceryacc,fid_wardpl,ward,name,shape_le_1,shape_ar_1,wrdprtarea,areartio2,partpop2,prtovr185,prtund185,percentund185,shapearea,shapelen
,1,33,32,-1,0,33,110010008013,2478,410,2068,861217.674089,7823.4693402,2478,410,2068,861206.004184,0.99998645,false,7,3,Ward 3,28342.1673132,28320779.7089,861206,1,2478,2068,410,0.16545601,861205.976047617,7823.46972789512
,2,34,33,-1,0,34,110010008014,706,110,596,406711.04191,2715.65309526,121,19,102,69908.0812212,0.17188636,false,7,3,Ward 3,28342.1673132,28320779.7089,69908.1015625,1,121,102,19,0.1570248,69908.0952662344,2715.65304157906
,3,35,34,-1,0,35,110010008021,1880,230,1650,653326.084548,7210.86097547,1532,187,1345,532412.534683,0.81492619,false,7,3,Ward 3,28342.1673132,28320779.7089,532306,1,1532,1345,187,0.12206266,532305.897784266,7157.20544116885
,4,36,35,-1,0,36,110010008022,1273,327,946,400855.140939,6552.72407556,1273,327,946,400843.309703,0.99997049,false,4,2,Ward 2,29545.8038865,22492798.344,15393.59960938,0.038403,49,36,13,0.26530612,15393.6172917578,1017.04761437353
,5,37,35,-1,0,36,110010008022,1273,327,946,400855.140939,6552.72407556,1273,327,946,400843.309703,0.99997049,false,7,3,Ward 3,28342.1673132,28320779.7089,385450,0.96159798,1224,910,314,0.25653595,385449.662024344,5902.98164257378
,6,38,36,-1,0,37,110010009011,1551,143,1408,646041.276646,3380.959478,1551,143,1408,646041.268517,0.99999999,false,7,3,Ward 3,28342.1673132,28320779.7089,646041,1,1551,1408,143,0.09219858,646041.276140399,3380.95955603623
,7,39,37,-1,0,38,110010009012,1688,125,1563,1363863.46769,7901.56328647,1688,125,1563,1363863.46459,1,false,7,3,Ward 3,28342.1673132,28320779.7089,1351430,1,1688,1563,125,0.07405213,1351430.00268731,7123.81603652761
,8,40,38,-1,0,39,110010009013,1402,366,1036,932845.579001,5660.96928186,1402,366,1036,932845.586836,1.00000001,false,7,3,Ward 3,28342.1673132,28320779.7089,932857,1,1402,1036,366,0.26105565,932856.919590125,5660.91035651192
,9,41,39,-1,0,40,110010009021,888,137,751,444078.320012,3237.83957439,872,134,737,435851.514833,0.98147443,false,7,3,Ward 3,28342.1673132,28320779.7089,435852,1,872,737,134,0.15366973,435851.492678328,3237.83956034053
,10,1,2,-1,0,1,110010001001,1410,51,1359,548922.955209,5686.0907882,951,34,917,370307.23907,0.67460695,false,4,2,Ward 2,29545.8038865,22492798.344,363886,0.98266,935,901,33,0.03529412,363885.917360352,5265.34456015053
,11,2,2,-1,0,1,110010001001,1410,51,1359,548922.955209,5686.0907882,951,34,917,370307.23907,0.67460695,false,7,3,Ward 3,28342.1673132,28320779.7089,6421.33984375,0.0173406,16,16,1,0.0625,6421.33374746094,796.905356750867
,12,3,3,-1,0,2,110010001002,1367,99,1268,128634.545529,1762.52304145,1029,75,955,96839.011393,0.75282274,false,4,2,Ward 2,29545.8038865,22492798.344,96839,1,1029,955,75,0.0728863,96839.0127275391,1762.52298594097
,13,4,4,-1,0,3,110010001003,1209,52,1157,194329.657029,1686.61982351,810,35,775,130224.346441,0.67012081,false,4,2,Ward 2,29545.8038865,22492798.344,130224,1,810,775,35,0.04320988,130224.342104602,1686.61977380274
,14,5,5,-1,0,4,110010001004,1202,141,1061,301575.87367,920.86168222,61,7,54,15333.9153984,0.05084596,false,4,2,Ward 2,29545.8038865,22492798.344,15333.90039063,1,61,54,7,0.1147541,15333.9202037109,920.861753013184
,15,6,6,-1,0,5,110010002011,80,62,18,482543.710694,3227.58909552,76,59,17,458813.039802,0.95082172,false,4,2,Ward 2,29545.8038865,22492798.344,447233,0.97476101,74,17,58,0.78378379,447232.595961531,3134.900464355
,16,7,6,-1,0,5,110010002011,80,62,18,482543.710694,3227.58909552,76,59,17,458813.039802,0.95082172,false,7,3,Ward 3,28342.1673132,28320779.7089,11580.5,0.0252401,2,0,1,0.5,11580.4583982344,1366.40539759849
,17,8,7,-1,0,6,110010002021,1208,262,946,188741.293223,665.96809978,141,31,110,22002.6581733,0.11657575,false,4,2,Ward 2,29545.8038865,22492798.344,22002.69921875,1,141,110,31,0.21985815,22002.6578403281,665.967973032826
,18,9,8,-1,0,7,110010002022,752,52,700,125265.173964,449.6085706,56,4,52,9390.53865034,0.07496528,false,4,2,Ward 2,29545.8038865,22492798.344,9390.54003906,1,56,52,4,0.07142857,9390.54625017188,449.608016949621
,19,10,9,-1,0,9,110010002024,1089,549,540,219018.706107,1806.4899263,179,90,89,35920.8479279,0.16400813,false,4,2,Ward 2,29545.8038865,22492798.344,35920.80078125,1,179,89,90,0.50279331,35920.8548143906,1806.48991721239
,20,11,10,-1,0,10,110010003001,1174,202,972,232277.568956,383.60547625,23,4,19,4510.96374349,0.01942057,false,4,2,Ward 2,29545.8038865,22492798.344,4510.95996094,1,23,19,4,0.17391305,4510.9641049375,383.605480862188
,21,12,11,-1,0,11,110010003002,1486,268,1218,118997.611931,1296.22094822,1326,239,1086,106145.54217,0.89199725,false,7,3,Ward 3,28342.1673132,28320779.7089,106146,1,1326,1086,239,0.18024133,106145.537710289,1296.2212137074
,22,13,12,-1,0,12,110010003003,1593,625,968,346801.680449,4194.66341515,1394,547,847,303521.556516,0.87520209,false,4,2,Ward 2,29545.8038865,22492798.344,281838,0.92856002,1294,786,508,0.39258114,281837.927475328,2533.23937630797
,23,14,12,-1,0,12,110010003003,1593,625,968,346801.680449,4194.66341515,1394,547,847,303521.556516,0.87520209,false,7,3,Ward 3,28342.1673132,28320779.7089,21683.59960938,0.0714401,100,61,39,0.38999999,21683.6397393125,1866.9079748486
,24,15,13,-1,0,13,110010003004,1842,169,1673,163748.957453,653.53418422,220,20,200,19584.5894084,0.11960131,false,7,3,Ward 3,28342.1673132,28320779.7089,19584.59960938,1,220,200,20,0.09090909,19584.5840679844,653.534166967606
,25,16,14,-1,0,14,110010004001,529,51,478,526776.815546,3136.10500776,299,29,270,297859.52948,0.56543781,false,7,3,Ward 3,28342.1673132,28320779.7089,297860,1,299,270,29,0.09698997,297859.543042141,3136.09807470854
,26,17,15,-1,0,15,110010004002,1049,127,922,870098.208364,7579.91861154,830,100,729,688122.583962,0.79085622,false,7,3,Ward 3,28342.1673132,28320779.7089,688116,1,830,729,100,0.12048193,688115.814428438,7580.00877922082
,27,18,16,-1,0,16,110010005011,1788,244,1544,575768.079074,4944.09279136,1722,235,1487,554545.465605,0.96314034,false,7,3,Ward 3,28342.1673132,28320779.7089,554545,1,1722,1487,235,0.13646922,554545.471201039,4944.09318590665
,28,19,17,-1,0,17,110010005012,1667,171,1496,186696.829714,3005.13358256,1667,171,1496,186696.825505,0.99999998,false,7,3,Ward 3,28342.1673132,28320779.7089,186696,1,1667,1496,171,0.10257948,186696.255374047,3004.98757062823
,29,20,18,-1,0,18,110010005021,1547,74,1473,405003.950724,3818.41403871,1547,74,1473,405003.95827,1.00000002,false,7,3,Ward 3,28342.1673132,28320779.7089,405004,1,1547,1473,74,0.04783452,405004.025757281,3818.40378552014
,30,21,19,-1,0,19,110010005022,1426,127,1299,146463.936731,2430.34215056,834,74,760,85648.099224,0.58477261,false,7,3,Ward 3,28342.1673132,28320779.7089,85648.1015625,1,834,760,74,0.08872902,85648.1087909297,2430.34236112625
,31,22,20,-1,0,20,110010006001,1220,61,1159,145664.2569,1654.23591791,261,13,248,31155.696127,0.21388704,false,7,3,Ward 3,28342.1673132,28320779.7089,31155.69921875,1,261,248,13,0.04980843,31155.7024658672,1654.23616892832
,32,23,21,-1,0,21,110010006002,852,135,717,451515.064333,2116.46956955,330,52,278,175026.694032,0.38764309,false,7,3,Ward 3,28342.1673132,28320779.7089,175027,1,330,278,52,0.15757576,175026.709352758,2116.46959662579
,33,24,22,-1,0,22,110010006003,753,162,591,169451.983771,285.48128142,15,3,12,3426.99304888,0.02022398,false,7,3,Ward 3,28342.1673132,28320779.7089,3426.98999023,1,15,12,3,0.2,3426.99517357031,285.481363495375
,34,25,23,-1,0,23,110010006004,1673,134,1539,576716.135677,3031.88012812,458,37,421,157739.397198,0.27351306,false,7,3,Ward 3,28342.1673132,28320779.7089,157739,1,458,421,37,0.08078603,157739.378206937,3031.87853186439
,35,26,25,-1,0,25,110010007012,1388,142,1246,79807.8799316,1223.24805215,672,69,603,38613.0398873,0.4838249,false,7,3,Ward 3,28342.1673132,28320779.7089,38613,1,672,603,69,0.10267857,38613.0438958672,1223.24777379582
,36,27,26,-1,0,26,110010007013,1614,228,1386,126685.754775,1522.62622675,1614,228,1386,126669.174969,0.99986913,false,7,3,Ward 3,28342.1673132,28320779.7089,126669,1,1614,1386,228,0.14126395,126669.178934117,1522.62619676537
,37,28,27,-1,0,27,110010007014,982,83,899,163510.115173,1228.09870261,489,41,448,81440.0356215,0.49807338,false,7,3,Ward 3,28342.1673132,28320779.7089,81440,1,489,448,41,0.08384458,81440.0372287344,1228.09877091184
,38,29,28,-1,0,28,110010007021,1409,226,1183,112113.891641,1707.96178468,1224,196,1028,97407.3569845,0.86882505,false,7,3,Ward 3,28342.1673132,28320779.7089,97407.3984375,1,1224,1028,196,0.16013072,97407.3718686719,1707.96178710946
,39,30,29,-1,0,30,110010007023,999,30,969,76972.7209868,727.89325165,268,8,260,20638.4001061,0.26812616,false,7,3,Ward 3,28342.1673132,28320779.7089,20638.40039063,1,268,260,8,0.02985075,20638.4100925234,727.893307143084
,40,31,30,-1,0,31,110010008011,2150,561,1589,148578.363766,2640.10788204,2090,545,1544,144411.213938,0.97195319,false,7,3,Ward 3,28342.1673132,28320779.7089,144411,1,2090,1544,545,0.26076555,144411.204871883,2640.10776386946
,41,32,31,-1,0,32,110010008012,815,0,815,613063.074731,7706.89311182,496,0,496,373036.787157,0.60848027,false,7,3,Ward 3,28342.1673132,28320779.7089,373037,1,496,496,0,0,373036.769103508,7706.89308124686
,42,62,61,-1,0,62,110010013021,2409,392,2017,315018.784678,3409.317758,1476,240,1236,193056.372381,0.61284083,false,7,3,Ward 3,28342.1673132,28320779.7089,193056,1,1476,1236,240,0.16260162,193056.386098031,3409.31800731041
,43,63,62,-1,0,63,110010013022,4549,476,4073,436926.123461,4683.99413529,1894,198,1696,181950.614201,0.41643336,false,7,3,Ward 3,28342.1673132,28320779.7089,181951,1,1894,1696,198,0.10454065,181950.621575031,4683.9940048451
,44,64,63,-1,0,64,110010013023,633,169,464,454975.366845,5293.2774482,492,131,360,353361.651079,0.77666106,false,7,3,Ward 3,28342.1673132,28320779.7089,353362,1,492,360,131,0.26626018,353361.652433875,5293.27799352882
,45,65,64,-1,0,65,110010014011,2209,295,1914,357388.018929,2207.7820868,937,125,812,151555.938782,0.42406553,false,7,3,Ward 3,28342.1673132,28320779.7089,40608.8984375,0.26794699,251,218,33,0.13147411,40608.8836564297,923.126061932449
,46,66,64,-1,0,65,110010014011,2209,295,1914,357388.018929,2207.7820868,937,125,812,151555.938782,0.42406553,false,8,4,Ward 4,25130.9943982,23314921.9682,110947,0.73205298,686,594,92,0.13411079,110947.016457937,1790.41190969204
,47,67,65,-1,0,66,110010014012,1160,63,1097,421038.075523,1301.66221346,128,7,121,46286.8336421,0.10993503,false,7,3,Ward 3,28342.1673132,28320779.7089,46282.5,1,128,121,7,0.0546875,46282.5032325625,1301.6626727371
,48,68,66,-1,0,67,110010014021,884,60,824,301763.381125,3166.21503645,884,60,824,301763.3848,1.00000001,false,8,4,Ward 4,25130.9943982,23314921.9682,301763,1,884,824,60,0.06787331,301763.411827008,3166.21490519733
,49,103,100,-1,0,102,110010021021,727,45,682,159727.325217,3170.42893908,727,45,682,159727.316181,0.99999994,false,8,4,Ward 4,25130.9943982,23314921.9682,159727,1,727,682,45,0.06189821,159727.324784773,3170.42900776911
,50,104,101,-1,0,103,110010021022,585,218,367,132436.382324,2028.75599679,516,192,324,116796.949757,0.88190985,false,8,4,Ward 4,25130.9943982,23314921.9682,116796,1,516,324,192,0.37209302,116796.153958305,2028.75597445332
,51,105,102,-1,0,104,110010021023,1121,213,908,98064.344005,1478.00523822,1121,213,908,98064.3527566,1.00000009,false,8,4,Ward 4,25130.9943982,23314921.9682,98064.3984375,1,1121,908,213,0.19000892,98064.3434778906,1478.00525998728
,52,106,103,-1,0,105,110010021024,1031,271,760,105930.362154,2265.57951422,1031,271,760,105930.351093,0.9999999,false,8,4,Ward 4,25130.9943982,23314921.9682,105930,1,1031,760,271,0.2628516,105930.368881203,2265.57943542131
,53,107,104,-1,0,106,110010021025,726,295,431,80319.7848831,1306.11774167,726,295,431,80319.781114,0.99999995,false,8,4,Ward 4,25130.9943982,23314921.9682,80319.796875,1,726,431,295,0.4063361,80319.7865873125,1306.11777375163
,54,108,105,-1,0,107,110010021026,697,180,517,117672.369645,1525.08053011,697,180,517,117672.374784,1.00000004,false,8,4,Ward 4,25130.9943982,23314921.9682,117672,1,697,517,180,0.25824964,117672.369198859,1525.07949835094
,55,109,106,-1,0,108,110010022011,1509,126,1383,144506.657278,1522.36573532,1509,126,1383,144506.655189,0.99999999,false,8,4,Ward 4,25130.9943982,23314921.9682,144507,1,1509,1383,126,0.08349901,144506.643696617,1522.36565492058
,56,110,107,-1,0,109,110010022012,1146,310,836,158570.163197,2218.62910933,584,158,426,80765.591092,0.50933662,false,8,4,Ward 4,25130.9943982,23314921.9682,80765.6015625,1,584,426,158,0.27054796,80765.6207692578,2218.62903803735
,57,111,108,-1,0,110,110010022013,1003,180,823,96290.4681411,1243.45951759,1003,180,823,96290.4638287,0.99999996,false,8,4,Ward 4,25130.9943982,23314921.9682,96290.5,1,1003,823,180,0.17946161,96290.4722164375,1243.45957052796
,58,112,109,-1,0,111,110010022021,1998,949,1049,491968.082115,2868.92115696,1998,949,1049,491968.079945,1,false,8,4,Ward 4,25130.9943982,23314921.9682,491958,1,1998,1049,949,0.47497496,491958.412435938,2868.84743223764
,59,113,110,-1,0,112,110010022022,1084,472,612,98143.0278286,1367.0338026,1084,472,612,98143.0294047,1.00000002,false,8,4,Ward 4,25130.9943982,23314921.9682,98143,1,1084,612,472,0.43542436,98143.0352675625,1367.03380586454
,60,114,111,-1,0,113,110010022023,892,325,567,104651.323957,1382.26197738,892,325,567,104651.330729,1.00000006,false,8,4,Ward 4,25130.9943982,23314921.9682,104652,1,892,567,325,0.36434978,104651.611649859,1382.24911062456
,61,115,112,-1,0,114,110010023011,1617,215,1402,169810.413532,1553.99569171,587,78,509,61604.186403,0.36278215,false,8,4,Ward 4,25130.9943982,23314921.9682,61603.8984375,1,587,509,78,0.13287905,61603.9455711641,1513.70368489071
,62,69,67,-1,0,68,110010014022,874,38,836,333635.226526,5107.77095992,867,38,829,330828.451749,0.99158729,false,7,3,Ward 3,28342.1673132,28320779.7089,59443.5,0.179681,156,149,7,0.0448718,59443.4476923125,2576.39481313586
,63,70,67,-1,0,68,110010014022,874,38,836,333635.226526,5107.77095992,867,38,829,330828.451749,0.99158729,false,8,4,Ward 4,25130.9943982,23314921.9682,271384,0.82031602,711,680,31,0.04360056,271384.388989875,4332.37873264096
,64,71,68,-1,0,69,110010014023,1557,420,1137,177116.983787,2796.19846234,1270,342,927,144431.530214,0.81545839,false,7,3,Ward 3,28342.1673132,28320779.7089,144432,1,1270,927,342,0.26929134,144431.521107844,2796.19865925816
,65,72,69,-1,0,70,110010015001,1654,51,1603,834116.766326,7692.48264374,1654,51,1603,834116.692261,0.99999991,false,8,4,Ward 4,25130.9943982,23314921.9682,834115,1,1654,1603,51,0.03083434,834114.613947883,7692.47322198363
,66,73,70,-1,0,71,110010015002,1139,55,1084,289793.380719,3362.55205118,1083,52,1030,275443.496132,0.95048236,false,8,4,Ward 4,25130.9943982,23314921.9682,275440,1,1083,1030,52,0.04801477,275440.407785766,3362.46977282185
,67,74,71,-1,0,72,110010015003,717,17,700,284979.142886,2404.42388987,717,17,700,284979.138323,0.99999998,false,8,4,Ward 4,25130.9943982,23314921.9682,284979,1,717,700,17,0.0237099,284979.151744992,2404.42399676375
,68,75,72,-1,0,73,110010015004,1645,91,1554,570259.973338,4445.86993794,1645,91,1554,570259.988122,1.00000003,false,8,4,Ward 4,25130.9943982,23314921.9682,570266,1,1645,1554,91,0.05531915,570265.664066219,4445.78520108714
,69,76,73,-1,0,74,110010015005,975,0,975,320343.625216,2362.35299173,975,0,975,320343.625429,1,false,8,4,Ward 4,25130.9943982,23314921.9682,320323,1,975,975,0,0,320323.058686055,2361.92383543091
,70,77,74,-1,0,75,110010016001,1191,71,1120,451499.44203,3878.61465563,1191,71,1120,451499.452113,1.00000002,false,8,4,Ward 4,25130.9943982,23314921.9682,451499,1,1191,1120,71,0.05961377,451499.438210445,3878.61466519924
,71,78,75,-1,0,76,110010016002,606,62,544,192218.254228,2372.36300988,606,62,544,192218.256,1.00000001,false,8,4,Ward 4,25130.9943982,23314921.9682,192218,1,606,544,62,0.10231023,192218.272556148,2372.36116021898
,72,79,76,-1,0,77,110010016003,669,12,657,354859.587426,2812.04636374,669,12,657,354859.591981,1.00000001,false,8,4,Ward 4,25130.9943982,23314921.9682,354860,1,669,657,12,0.01793722,354859.571623797,2812.0464260965
,73,80,77,-1,0,78,110010016004,1682,86,1596,875665.647356,8862.45849529,1405,72,1333,731490.545391,0.83535371,false,8,4,Ward 4,25130.9943982,23314921.9682,731492,1,1405,1333,72,0.05124555,731492.177904453,8862.38231051747
,74,81,78,-1,0,79,110010017021,1620,237,1383,400832.136662,2752.49628355,771,113,658,190731.49038,0.47583882,false,8,4,Ward 4,25130.9943982,23314921.9682,190731,1,771,658,113,0.1465629,190731.502653766,2752.49605284154
,75,82,79,-1,0,80,110010017022,1429,295,1134,508409.967283,4057.7452514,1426,294,1132,507462.708882,0.99813682,false,8,4,Ward 4,25130.9943982,23314921.9682,507449,1,1426,1132,294,0.20617111,507448.458246547,4057.50233988745
,76,83,80,-1,0,81,110010018031,1350,440,910,197652.624258,2995.16999892,989,322,667,144790.72603,0.7325515,false,8,4,Ward 4,25130.9943982,23314921.9682,144791,1,989,667,322,0.3255814,144790.749823203,2995.17020595298
,77,84,81,-1,0,82,110010018032,2692,1151,1541,140519.59242,1645.52260706,1605,686,919,83768.817668,0.59613621,false,8,4,Ward 4,25130.9943982,23314921.9682,83768.796875,1,1605,919,686,0.42741433,83768.8165242109,1645.5227459891
,78,85,82,-1,0,83,110010018041,1091,318,773,162160.926592,593.41552415,60,18,43,8988.33261359,0.05542847,false,8,4,Ward 4,25130.9943982,23314921.9682,8988.33007813,1,60,43,18,0.30000001,8988.34579579687,593.415618520209
,79,86,83,-1,0,85,110010018043,2674,1048,1626,165237.985556,567.14501757,320,125,194,19752.9931732,0.11954269,false,8,4,Ward 4,25130.9943982,23314921.9682,19753,1,320,194,125,0.390625,19752.9554241328,567.142005144079
,80,87,84,-1,0,86,110010019011,1117,411,706,219928.171373,909.75078191,58,21,37,11398.0095155,0.05182606,false,8,4,Ward 4,25130.9943982,23314921.9682,11398,1,58,37,21,0.36206895,11397.9886548906,909.750808603638
,81,88,85,-1,0,87,110010019012,987,248,739,158776.9143,780.92864903,165,41,123,26478.8584727,0.16676769,false,8,4,Ward 4,25130.9943982,23314921.9682,26478.90039063,1,165,123,41,0.24848485,26478.8501380391,780.928637698754
,82,89,86,-1,0,88,110010019013,1095,250,845,173116.716476,910.98564234,301,69,232,47519.8060399,0.27449577,false,8,4,Ward 4,25130.9943982,23314921.9682,47519.80078125,1,301,232,69,0.22923589,47519.8137231484,910.985741917726
,83,90,87,-1,0,89,110010019014,798,59,739,189836.829942,218.52164471,9,1,8,2055.49302505,0.01082768,false,8,4,Ward 4,25130.9943982,23314921.9682,2055.48999023,1,9,8,1,0.11111111,2055.49169917188,218.521677785186
,84,91,88,-1,0,90,110010019021,1497,260,1237,344343.466256,4363.05382359,1496,260,1236,344148.517489,0.99943385,false,8,4,Ward 4,25130.9943982,23314921.9682,344149,1,1496,1236,260,0.17379679,344148.517301211,4363.05361687361
,85,92,89,-1,0,91,110010019022,834,143,691,393509.330319,3745.93602898,811,139,672,382580.509808,0.97222729,false,8,4,Ward 4,25130.9943982,23314921.9682,382581,1,811,672,139,0.17139333,382580.524890633,3745.93619446665
,86,93,90,-1,0,92,110010020011,1435,644,791,134376.359138,170.58160012,8,3,4,708.68866308,0.00527391,false,8,4,Ward 4,25130.9943982,23314921.9682,708.68902588,1,8,4,3,0.375,708.686346476562,170.581588202771
,87,94,91,-1,0,93,110010020012,1413,174,1239,341260.764702,2967.26630032,1061,131,931,256348.973118,0.75118209,false,8,4,Ward 4,25130.9943982,23314921.9682,256349,1,1061,931,131,0.12346843,256348.989101836,2967.2660740092
,88,95,92,-1,0,94,110010020021,1074,70,1004,342018.54113,3537.09617279,960,63,898,305810.224115,0.89413347,false,8,4,Ward 4,25130.9943982,23314921.9682,305810,1,960,898,63,0.065625,305810.233875813,3537.09610217808
,89,96,93,-1,0,95,110010020022,1508,726,782,141528.272963,87.78614372,2,1,1,210.77185202,0.00148926,false,8,4,Ward 4,25130.9943982,23314921.9682,210.77200317,1,2,1,1,0.5,210.772287445312,87.7862342946079
,90,97,94,-1,0,96,110010020023,1309,178,1131,357377.469948,2877.51063981,1219,166,1053,332858.832728,0.93139288,false,8,4,Ward 4,25130.9943982,23314921.9682,332859,1,1219,1053,166,0.1361772,332858.812646531,2877.51046975236
,91,98,95,-1,0,97,110010021011,1563,269,1294,142702.87411,805.37344232,172,30,142,15686.4652329,0.10992396,false,8,4,Ward 4,25130.9943982,23314921.9682,15686.5,1,172,142,30,0.1744186,15686.4686021641,805.373461412934
,92,99,96,-1,0,98,110010021012,1053,610,443,85476.1536831,1139.68739145,998,578,420,81012.3812364,0.94777757,false,8,4,Ward 4,25130.9943982,23314921.9682,81012.3984375,1,998,420,578,0.57915831,81012.3816623516,1139.68732790641
,93,100,97,-1,0,99,110010021013,1228,116,1112,131643.938386,1451.11165458,1228,116,1112,131643.945388,1.00000005,false,8,4,Ward 4,25130.9943982,23314921.9682,131644,1,1228,1112,116,0.09446254,131643.931858359,1451.11162624996
,94,101,98,-1,0,100,110010021014,991,528,463,116183.981765,1687.92738028,950,506,444,111326.893119,0.95819485,false,8,4,Ward 4,25130.9943982,23314921.9682,111327,1,950,444,506,0.53263158,111326.88796425,1687.92761357782
,95,102,99,-1,0,101,110010021015,1024,460,564,82319.6179462,620.51892394,221,99,122,17769.2037906,0.21585625,false,8,4,Ward 4,25130.9943982,23314921.9682,17769.19921875,1,221,122,99,0.4479638,17769.2089158125,620.518947442857
,96,42,40,-1,0,41,110010009022,1567,46,1521,626101.648039,11068.3445245,1529,45,1484,611045.231334,0.97595212,false,7,3,Ward 3,28342.1673132,28320779.7089,596359,0.97596502,1492,1448,44,0.02949062,596358.77275875,10115.7837257357
,97,43,41,-1,0,42,110010010011,935,46,889,277604.198808,1751.94012377,393,19,374,116756.38172,0.42058579,false,7,3,Ward 3,28342.1673132,28320779.7089,116756,1,393,374,19,0.04834606,116756.379691195,1751.94020899104
,98,44,42,-1,0,43,110010010012,1941,171,1770,495574.804008,2479.28673309,758,67,691,193560.131949,0.39057702,false,7,3,Ward 3,28342.1673132,28320779.7089,193560,1,758,691,67,0.0883905,193560.106287359,2479.28684522541
,99,45,43,-1,0,44,110010010013,1168,0,1168,333889.268976,2736.48008555,1168,0,1168,333889.26966,1,false,7,3,Ward 3,28342.1673132,28320779.7089,333889,1,1168,1168,0,0,333889.258814227,2736.48014227059
,100,46,44,-1,0,45,110010010014,1562,83,1479,652582.170686,5236.47268634,1098,58,1039,458600.517158,0.70274754,false,7,3,Ward 3,28342.1673132,28320779.7089,458601,1,1098,1039,58,0.05282332,458600.506860219,5236.4729989178
,101,47,45,-1,0,46,110010010015,801,121,680,277666.071632,3087.4212396,801,121,680,277666.069531,0.99999999,false,7,3,Ward 3,28342.1673132,28320779.7089,277666,1,801,680,121,0.15106118,277666.089585797,3087.42129004793
,102,48,46,-1,0,47,110010010016,1145,37,1108,352062.22561,2633.51342724,1145,37,1108,352062.223141,0.99999999,false,7,3,Ward 3,28342.1673132,28320779.7089,352062,1,1145,1108,37,0.03231441,352062.217938055,2633.51338713429
,103,49,47,-1,0,48,110010010021,1262,933,329,284086.904079,3210.75570793,1224,905,319,275425.638431,0.96951192,false,7,3,Ward 3,28342.1673132,28320779.7089,275426,1,1224,319,905,0.73937911,275425.616023094,3210.75605515726
,104,50,49,-1,0,50,110010010023,928,21,907,226585.014475,3142.89647565,328,7,321,80070.9393422,0.35338144,false,7,3,Ward 3,28342.1673132,28320779.7089,80070.8984375,1,328,321,7,0.02134146,80070.959469375,3142.89681618491
,105,51,50,-1,0,51,110010011001,1986,65,1921,423020.743683,1080.26710527,142,5,138,30337.7343505,0.0717169,false,7,3,Ward 3,28342.1673132,28320779.7089,30337.69921875,1,142,138,5,0.03521127,30337.7392663594,1080.26725614541
,106,52,51,-1,0,52,110010011002,1233,119,1114,452181.892772,2006.58661158,530,51,479,194428.481901,0.42997848,false,7,3,Ward 3,28342.1673132,28320779.7089,194428,1,530,479,51,0.09622642,194428.4824795,2006.58678023008
,107,53,52,-1,0,53,110010011003,760,25,735,158583.186307,2070.1000824,752,25,727,156911.323456,0.9894575,false,7,3,Ward 3,28342.1673132,28320779.7089,156911,1,752,727,25,0.03324468,156911.185565828,2070.09886496547
,108,54,53,-1,0,54,110010011004,754,58,696,430718.664426,5082.85986695,388,30,358,221716.873086,0.51476031,false,7,3,Ward 3,28342.1673132,28320779.7089,221714,1,388,358,30,0.07731958,221714.340120773,5082.85664685128
,109,55,54,-1,0,55,110010012001,1825,153,1672,190903.741148,1967.21945682,1147,96,1051,120027.372345,0.62873243,false,7,3,Ward 3,28342.1673132,28320779.7089,120027,1,1147,1051,96,0.0836966,120027.379319234,1967.21948718154
,110,56,55,-1,0,56,110010012002,944,170,774,179144.976878,986.73754709,290,52,238,55048.0694943,0.30728224,false,7,3,Ward 3,28342.1673132,28320779.7089,55048.1015625,1,290,238,52,0.17931035,55048.0564435234,986.73763696968
,111,57,56,-1,0,57,110010012003,734,35,699,196052.918908,837.4120334,126,6,120,33565.063884,0.1712041,false,7,3,Ward 3,28342.1673132,28320779.7089,33565.1015625,1,126,120,6,0.04761905,33565.0776778828,837.412061323476
,112,58,57,-1,0,58,110010012004,1405,129,1276,647548.525943,3964.05372041,545,50,495,251390.62314,0.38821897,false,7,3,Ward 3,28342.1673132,28320779.7089,251391,1,545,495,50,0.09174312,251390.606624453,3964.0534588799
,113,59,58,-1,0,59,110010013011,1771,233,1538,456279.49272,6843.71989071,1539,203,1337,396584.510646,0.86917014,false,7,3,Ward 3,28342.1673132,28320779.7089,396572,1,1539,1337,203,0.13190383,396571.741545406,6842.55902395226
,114,60,59,-1,0,60,110010013012,677,11,666,499657.343902,6174.82314635,677,11,666,499657.346454,1.00000001,false,7,3,Ward 3,28342.1673132,28320779.7089,499647,1,677,666,11,0.01624815,499646.751345039,6174.75363112283
,115,61,60,-1,0,61,110010013013,1464,111,1353,203539.024128,2683.95738263,1370,104,1267,190536.596138,0.93611826,false,7,3,Ward 3,28342.1673132,28320779.7089,190537,1,1370,1267,104,0.07591241,190536.609325727,2683.9575426732
,116,175,169,-1,0,231,110010066001,1904,111,1793,283324.208522,2102.56872475,529,31,498,78703.069089,0.27778448,false,2,6,Ward 6,24157.9774348,16064916.7222,78703.1015625,1,529,498,31,0.05860113,78703.0742145,2102.56842383652
,117,176,170,-1,0,232,110010067001,1326,101,1225,145689.729595,476.45221077,16,1,14,1713.48054625,0.01176116,false,2,6,Ward 6,24157.9774348,16064916.7222,1713.47998047,1,16,14,1,0.0625,1713.47843860937,476.452357513036
,118,177,171,-1,0,233,110010067002,1425,41,1384,114820.026367,392.82337201,104,3,101,8383.15556444,0.07301127,false,2,6,Ward 6,24157.9774348,16064916.7222,8383.16015625,1,104,101,3,0.02884615,8383.15984328906,392.82346760382
,119,178,172,-1,0,234,110010067003,1382,74,1308,167758.702925,524.95814562,40,2,38,4908.09316673,0.02925686,false,2,6,Ward 6,24157.9774348,16064916.7222,4908.08984375,1,40,38,2,0.05,4908.090899625,524.95831906734
,120,179,173,-1,0,235,110010068011,1315,344,971,153837.917718,1651.68357155,1233,323,911,144294.128442,0.93796205,false,2,6,Ward 6,24157.9774348,16064916.7222,144291,1,1233,911,323,0.26196268,144290.712576234,1651.67703526811
,121,180,174,-1,0,236,110010068012,648,92,556,90733.6750233,1004.37923329,307,44,264,43027.7324809,0.4742201,false,2,6,Ward 6,24157.9774348,16064916.7222,43027.69921875,1,307,264,44,0.14332248,43027.7148056172,1004.37925821251
,122,181,175,-1,0,237,110010068021,911,92,819,104539.574743,123.48617575,3,0,3,395.47594705,0.00378303,false,2,6,Ward 6,24157.9774348,16064916.7222,394.62701416,1,3,3,0,0,394.62773596875,123.486119900753
,123,182,176,-1,0,238,110010068022,1416,284,1132,173258.057748,275.63129608,17,3,14,2128.05525163,0.01228258,false,2,6,Ward 6,24157.9774348,16064916.7222,2127.82006836,1,17,14,3,0.17647059,2127.81909370313,275.631555407521
,124,183,177,-1,0,239,110010068041,131,127,4,600362.918608,13970.5358814,115,112,4,529000.496606,0.88113453,false,2,6,Ward 6,24157.9774348,16064916.7222,132027,0.249578,29,1,28,0.96551722,132026.741848594,4657.18303691848
,125,116,113,-1,0,115,110010023012,1596,408,1188,230750.026988,2329.98301465,1539,394,1146,222549.931698,0.9644633,false,8,4,Ward 4,25130.9943982,23314921.9682,222543,1,1539,1146,394,0.25601038,222543.348632742,2306.04827419753
,126,117,114,-1,0,116,110010023021,1425,401,1024,2006546.01486,7623.71481233,1411,397,1014,1987254.49139,0.99038571,false,6,5,Ward 5,22893.4048565,26910761.219,1987220,1,1411,1014,397,0.28136075,1987219.95786589,7623.73316584793
,127,118,115,-1,0,118,110010024002,1317,204,1113,214042.348137,661.47932208,148,23,125,24092.1672872,0.11255795,false,8,4,Ward 4,25130.9943982,23314921.9682,24092.19921875,1,148,125,23,0.1554054,24092.1736887266,661.479418263886
,128,119,116,-1,0,121,110010025011,1138,604,534,291453.092197,2001.30510993,316,167,148,80815.3072199,0.2772841,false,8,4,Ward 4,25130.9943982,23314921.9682,80815.296875,1,316,148,167,0.52848101,80815.2940748594,2001.30555874805
,129,120,117,-1,0,122,110010025012,1505,331,1174,227708.482817,2012.02180116,1481,326,1156,224128.547298,0.98427843,false,8,4,Ward 4,25130.9943982,23314921.9682,224129,1,1481,1156,326,0.22012153,224128.53947107,2012.02176793029
,130,121,118,-1,0,126,110010025024,1737,488,1249,119697.878192,2330.01236196,957,269,688,65979.7298123,0.55121888,false,8,4,Ward 4,25130.9943982,23314921.9682,65974.5,1,957,688,269,0.28108674,65974.4857293359,2329.9862945592
,131,122,119,-1,0,127,110010026001,1161,120,1041,383382.828754,3225.36242823,1161,120,1041,383382.83787,1.00000002,false,8,4,Ward 4,25130.9943982,23314921.9682,383383,1,1161,1041,120,0.10335917,383382.833579891,3225.36248303418
,132,123,120,-1,0,128,110010026002,1409,88,1321,600547.313342,4553.8529983,1409,88,1321,600547.359746,1.00000008,false,8,4,Ward 4,25130.9943982,23314921.9682,600547,1,1409,1321,88,0.06245564,600547.365816555,4553.85297205447
,133,124,122,-1,0,131,110010027013,1018,36,982,113263.674916,1372.66688797,416,15,401,46279.7968078,0.40860229,false,5,1,Ward 1,12925.3847744,6567940.96318,46279.80078125,1,416,401,15,0.03605769,46279.7815774375,1372.66676014295
,134,125,123,-1,0,132,110010027014,2071,1280,791,39474.523091,350.16059537,114,70,43,2169.81726619,0.05496754,false,5,1,Ward 1,12925.3847744,6567940.96318,2169.42993164,1,114,43,70,0.61403507,2169.43551739844,350.146095365078
,135,126,124,-1,0,135,110010027023,1952,387,1565,161654.256791,2483.93243338,253,50,203,20951.4166954,0.12960634,false,5,1,Ward 1,12925.3847744,6567940.96318,20055.80078125,0.95725298,242,194,48,0.19834711,20055.8109416953,1442.72129728626
,136,127,124,-1,0,135,110010027023,1952,387,1565,161654.256791,2483.93243338,253,50,203,20951.4166954,0.12960634,false,7,3,Ward 3,28342.1673132,28320779.7089,895.62298584,0.0427476,11,9,2,0.18181819,895.616990945313,1098.95076642091
,137,128,125,-1,0,137,110010028012,2774,1252,1522,105324.603414,886.56725468,1078,486,591,40914.3757706,0.38845981,false,5,1,Ward 1,12925.3847744,6567940.96318,40910.6015625,1,1078,591,486,0.45083487,40910.6411128437,886.559759730483
,138,129,127,-1,0,144,110010031001,3350,1191,2159,282137.6944,1844.81463609,454,161,292,38208.2039283,0.13542396,false,5,1,Ward 1,12925.3847744,6567940.96318,38208.19921875,1,454,292,161,0.35462555,38208.2185358906,1844.81524616908
,139,130,128,-1,0,145,110010032001,1015,239,776,93536.8123707,412.5505911,80,19,61,7407.27243013,0.07919099,false,5,1,Ward 1,12925.3847744,6567940.96318,7405.91015625,1,80,61,19,0.2375,7405.91578264062,412.513943563117
,140,131,129,-1,0,146,110010032002,1015,448,567,96642.8371882,1078.05606803,629,277,351,59857.1980689,0.61936507,false,5,1,Ward 1,12925.3847744,6567940.96318,59855.1015625,1,629,351,277,0.44038156,59855.0576734297,1078.04750727769
,141,132,130,-1,0,147,110010032003,1563,530,1033,126472.121747,1404.93336779,1521,516,1005,123102.241339,0.97335476,false,5,1,Ward 1,12925.3847744,6567940.96318,123100,1,1521,1005,516,0.3392505,123100.109338789,1404.92267952316
,142,133,131,-1,0,148,110010032004,1390,435,955,122307.973277,1552.69408436,1390,435,955,122307.976456,1.00000003,false,5,1,Ward 1,12925.3847744,6567940.96318,122118,1,1390,955,435,0.31294963,122117.60004768,1566.46606389674
,143,134,132,-1,0,149,110010033011,1417,237,1180,249714.186063,2397.38902326,1417,237,1180,249714.183446,0.99999999,false,6,5,Ward 5,22893.4048565,26910761.219,249710,1,1417,1180,237,0.16725476,249710.045624586,2397.38915712833
,144,135,133,-1,0,150,110010033012,1234,170,1064,105663.059926,1463.26321368,1234,170,1064,105663.050292,0.99999991,false,6,5,Ward 5,22893.4048565,26910761.219,105661,1,1234,1064,170,0.13776337,105660.707774523,1463.26222840619
,145,136,134,-1,0,151,110010033013,968,62,906,84233.6557945,1347.22522544,968,62,906,84233.6542661,0.99999998,false,6,5,Ward 5,22893.4048565,26910761.219,84229.203125,1,968,906,62,0.06404959,84229.244278625,1347.20312875063
,146,137,135,-1,0,152,110010033021,1219,248,971,104899.950031,1501.36129447,1219,248,971,104899.952104,1.00000002,false,6,5,Ward 5,22893.4048565,26910761.219,104900,1,1219,971,248,0.20344545,104899.945426047,1501.3612465106
,147,138,136,-1,0,153,110010033022,1119,225,894,91932.1449664,1491.11038604,1058,213,845,86933.5195408,0.94562701,false,6,5,Ward 5,22893.4048565,26910761.219,86933.5,1,1058,845,213,0.20132326,86933.5027556875,1491.11020639978
,148,139,137,-1,0,154,110010034001,1104,455,649,104782.32578,1451.6978701,1104,455,649,104782.334262,1.00000008,false,5,1,Ward 1,12925.3847744,6567940.96318,104781,1,1104,649,455,0.41213769,104780.628542773,1451.58362022212
,149,140,138,-1,0,155,110010034002,1680,378,1302,804825.10387,7798.39596885,1680,378,1302,804825.107619,1,false,5,1,Ward 1,12925.3847744,6567940.96318,778196,0.96691298,1624,1259,365,0.22475369,778196.429737328,7541.10880449084
,150,141,138,-1,0,155,110010034002,1680,378,1302,804825.10387,7798.39596885,1680,378,1302,804825.107619,1,false,6,5,Ward 5,22893.4048565,26910761.219,26627.19921875,0.0330845,56,43,13,0.23214285,26627.1537470703,2506.74768992524
,151,142,139,-1,0,156,110010035001,2104,767,1337,123810.712713,1416.62110762,1954,712,1242,114981.4882,0.92868772,false,5,1,Ward 1,12925.3847744,6567940.96318,114981,1,1954,1242,712,0.36438075,114981.487215781,1416.62135114793
,152,143,140,-1,0,157,110010035002,944,383,561,203638.098502,3362.57832188,554,225,329,119515.582623,0.58690188,false,5,1,Ward 1,12925.3847744,6567940.96318,119516,1,554,329,225,0.4061372,119515.532938141,3362.57790799468
,153,144,141,-1,0,160,110010036003,1828,785,1043,155997.913458,551.19288009,129,56,74,11040.1533634,0.07077116,false,5,1,Ward 1,12925.3847744,6567940.96318,11040.20019531,1,129,74,56,0.43410853,11040.1468826641,551.192625824821
,154,145,142,-1,0,168,110010039002,1178,194,984,162286.80987,2642.60527501,636,105,532,87666.7765416,0.54019656,false,5,1,Ward 1,12925.3847744,6567940.96318,87078.3984375,1,636,532,105,0.16509435,87078.3597273906,1570.45922802136
,155,146,143,-1,0,176,110010040023,660,101,559,69921.3258471,378.17177517,45,7,38,4764.33202647,0.06813847,false,5,1,Ward 1,12925.3847744,6567940.96318,4762.31982422,1,45,38,7,0.15555556,4762.32147291406,378.158741561128
,156,147,144,-1,0,177,110010041001,1314,40,1274,93364.1131275,1539.84834063,885,27,858,62887.441064,0.67357188,false,4,2,Ward 2,29545.8038865,22492798.344,62886.6015625,1,885,858,27,0.03050848,62886.5866370156,1539.84963469432
,157,148,145,-1,0,178,110010041002,729,102,627,207265.951809,2062.18463553,531,74,456,150840.38286,0.72776248,false,4,2,Ward 2,29545.8038865,22492798.344,150840,1,531,456,74,0.1393597,150840.372012688,2062.18485799887
,158,149,146,-1,0,179,110010041003,716,61,655,279285.668715,4264.7103446,716,61,655,279285.671043,1.00000001,false,4,2,Ward 2,29545.8038865,22492798.344,279285,1,716,655,61,0.08519553,279285.34032025,4264.67477991362
,159,150,147,-1,0,183,110010042022,1324,68,1256,95251.0313895,390.34632295,90,5,85,6463.74309662,0.06786009,false,4,2,Ward 2,29545.8038865,22492798.344,6462.95019531,1,90,85,5,0.05555556,6462.94988182812,390.346905637927
,160,151,148,-1,0,186,110010044001,3495,506,2989,242410.488248,165.31200433,15,2,13,1052.58559189,0.00434216,false,5,1,Ward 1,12925.3847744,6567940.96318,1052.58996582,1,15,13,2,0.13333334,1052.58892842969,165.312175192596
,161,152,149,-1,0,187,110010044002,2200,418,1782,270822.400627,989.14888187,211,40,171,26009.0735458,0.09603738,false,5,1,Ward 1,12925.3847744,6567940.96318,26009.09960938,1,211,171,40,0.18957347,26009.0708200703,989.148960060678
,162,153,150,-1,0,188,110010046001,1036,321,715,138766.223752,1128.90795805,308,95,212,41197.4413601,0.29688378,false,6,5,Ward 5,22893.4048565,26910761.219,41197.3984375,1,308,212,95,0.30844155,41197.4331643906,1128.90820963776
,163,154,151,-1,0,189,110010046002,1902,234,1668,281195.457517,2551.5713814,1001,123,878,148051.619897,0.52650786,false,6,5,Ward 5,22893.4048565,26910761.219,148049,1,1001,878,123,0.12287712,148048.896445375,2551.5007342066
,164,155,152,-1,0,193,110010048011,2215,420,1795,294055.122257,1000.03871387,123,23,100,16364.2237277,0.05565019,false,2,6,Ward 6,24157.9774348,16064916.7222,12597,0.76978898,95,77,18,0.18947369,12596.9537842031,697.504336252964
,165,156,152,-1,0,193,110010048011,2215,420,1795,294055.122257,1000.03871387,123,23,100,16364.2237277,0.05565019,false,5,1,Ward 1,12925.3847744,6567940.96318,3767.19995117,0.23021001,28,23,5,0.17857143,3767.23573471094,723.909446470731
,166,157,153,-1,0,196,110010049011,1342,749,593,85262.0690037,381.05444426,70,39,31,4458.98472572,0.0522974,false,2,6,Ward 6,24157.9774348,16064916.7222,4456.31982422,1,70,31,39,0.55714285,4456.32584630469,380.932255793041
,167,158,154,-1,0,214,110010055001,721,68,653,141154.183092,1616.17948439,234,22,212,45876.2097735,0.32500779,false,4,2,Ward 2,29545.8038865,22492798.344,45876.19921875,1,234,212,22,0.0940171,45876.1950500313,1616.17877321618
,168,159,155,-1,0,215,110010055002,2613,439,2174,142910.699994,650.99053047,117,20,97,6390.55503635,0.04471712,false,4,2,Ward 2,29545.8038865,22492798.344,6390.56005859,1,117,97,20,0.17094018,6390.55359121094,650.990568314156
,169,160,156,-1,0,216,110010055003,1535,389,1146,155403.531044,399.10519409,30,8,22,3017.90286228,0.01941978,false,4,2,Ward 2,29545.8038865,22492798.344,3017.89990234,1,30,22,8,0.26666668,3017.90111679688,399.105110353299
,170,161,157,-1,0,217,110010055004,856,294,562,49845.6524169,858.05411287,798,274,524,46453.6108674,0.9319491,false,4,2,Ward 2,29545.8038865,22492798.344,46453.6015625,1,798,524,274,0.3433584,46453.6210363984,858.054298995983
,171,162,158,-1,0,218,110010055005,663,172,491,45637.2637639,696.78090035,369,96,274,25425.1258404,0.55711328,false,4,2,Ward 2,29545.8038865,22492798.344,25425.09960938,1,369,274,96,0.26016259,25425.1263984375,696.780925817373
,172,163,159,-1,0,220,110010056002,1236,317,919,162988.251888,722.77323742,116,30,86,15249.4544025,0.09356168,false,4,2,Ward 2,29545.8038865,22492798.344,15249.5,1,116,86,30,0.25862068,15249.4623814219,722.774646859848
,173,164,160,-1,0,221,110010056003,877,257,620,60694.5286894,339.28718155,81,24,58,5638.64059376,0.09290196,false,4,2,Ward 2,29545.8038865,22492798.344,5638.64013672,1,81,58,24,0.2962963,5638.63862203125,339.28728789228
,174,165,161,-1,0,223,110010058001,1000,49,951,632863.037201,6182.72414213,841,41,800,532421.404549,0.84129009,false,4,2,Ward 2,29545.8038865,22492798.344,532421,1,841,800,41,0.04875148,532421.41153243,6182.72453457168
,175,166,162,-1,0,224,110010058002,1781,473,1308,225054.524597,2414.15244589,929,247,682,117365.389982,0.52149758,false,4,2,Ward 2,29545.8038865,22492798.344,117365,1,929,682,247,0.26587728,117365.458932188,2414.14747194772
,176,167,163,-1,0,225,110010059001,2576,480,2096,613821.143646,4041.55530333,959,179,780,228452.997344,0.3721817,false,2,6,Ward 6,24157.9774348,16064916.7222,37938.69921875,0.166068,159,130,30,0.18867925,37938.7147283672,1288.80278374172
,177,168,163,-1,0,225,110010059001,2576,480,2096,613821.143646,4041.55530333,959,179,780,228452.997344,0.3721817,false,4,2,Ward 2,29545.8038865,22492798.344,190514,0.83393103,800,650,149,0.18625,190514.301215008,3266.14405297067
,178,169,164,-1,0,226,110010062021,117,0,117,1908992.29538,33491.8648331,108,0,108,1761788.01556,0.92288901,false,2,6,Ward 6,24157.9774348,16064916.7222,660315,0.374798,40,40,0,0,660315.249282781,8581.70913564671
,179,170,164,-1,0,226,110010062021,117,0,117,1908992.29538,33491.8648331,108,0,108,1761788.01556,0.92288901,false,4,2,Ward 2,29545.8038865,22492798.344,1101470,0.62519997,68,68,0,0,1101472.70799269,30042.8743439592
,180,171,165,-1,0,227,110010064001,1256,822,434,146187.524816,1444.87940603,817,535,282,95119.6197517,0.65066852,false,2,6,Ward 6,24157.9774348,16064916.7222,95119.6015625,1,817,282,535,0.65483475,95119.6062429375,1444.87939961096
,181,172,166,-1,0,228,110010064002,874,624,250,480079.879945,4642.39015085,874,624,250,480079.877177,0.99999999,false,2,6,Ward 6,24157.9774348,16064916.7222,480080,1,874,250,624,0.7139588,480079.859331422,4642.38990435985
,182,173,167,-1,0,229,110010065001,875,160,715,136789.10114,1136.36205139,305,56,249,47724.138617,0.34888846,false,2,6,Ward 6,24157.9774348,16064916.7222,47724.1015625,1,305,249,56,0.18360655,47724.1292007031,1136.36204983649
,183,174,168,-1,0,230,110010065002,1693,106,1587,306524.949887,2157.44324043,1112,70,1042,201309.29405,0.65674685,false,2,6,Ward 6,24157.9774348,16064916.7222,201309,1,1112,1042,70,0.06294964,201309.297219469,2157.44307937807
,184,206,200,-1,0,267,110010075022,1904,1265,639,345994.637174,2395.66279713,825,548,277,149851.099459,0.43310238,false,1,8,Ward 8,28714.0694298,30965852.4553,149850,1,825,277,548,0.66424245,149849.918438867,2395.57721121645
,185,207,201,-1,0,268,110010075031,707,249,458,277572.191942,2575.17266462,707,249,458,277572.195709,1.00000001,false,1,8,Ward 8,28714.0694298,30965852.4553,277572,1,707,458,249,0.35219237,277572.189680234,2575.17226214242
,186,208,202,-1,0,269,110010075032,1987,1325,662,187287.890037,2730.71898243,1987,1325,662,187287.896403,1.00000003,false,1,8,Ward 8,28714.0694298,30965852.4553,187288,1,1987,662,1325,0.66683441,187287.895362039,2730.7190602196
,187,209,203,-1,0,270,110010075041,2760,1925,835,386003.662544,9213.61465282,2760,1925,835,386003.667312,1.00000001,false,1,8,Ward 8,28714.0694298,30965852.4553,386004,1,2760,835,1925,0.69746375,386003.675959086,9213.61452840159
,188,210,204,-1,0,271,110010076011,822,297,525,112868.712881,1648.74959672,822,297,525,112868.713484,1.00000001,false,1,8,Ward 8,28714.0694298,30965852.4553,81009.296875,0.71772999,590,377,213,0.36101696,81009.3457426953,1201.46141326282
,189,211,204,-1,0,271,110010076011,822,297,525,112868.712881,1648.74959672,822,297,525,112868.713484,1.00000001,false,3,7,Ward 7,22345.2269165,22818182.5566,31859.40039063,0.28227001,232,148,84,0.36206895,31859.3737201719,1056.83753740517
,190,212,205,-1,0,272,110010076012,352,106,246,159367.218128,1960.78622519,352,106,246,159367.220207,1.00000001,false,1,8,Ward 8,28714.0694298,30965852.4553,158586,1,352,246,106,0.30113637,158586.136770117,1841.86366207982
,191,213,206,-1,0,273,110010076013,1632,687,945,169271.502192,1867.83600637,1632,687,945,169271.504088,1.00000001,false,1,8,Ward 8,28714.0694298,30965852.4553,169272,1,1632,945,687,0.4209559,169271.520396281,1867.83600007545
,192,214,207,-1,0,274,110010076014,753,329,424,122949.260049,1540.07040662,753,329,424,122949.261629,1.00000001,false,1,8,Ward 8,28714.0694298,30965852.4553,122949,1,753,424,329,0.436919,122949.248034391,1540.07035969112
,193,235,227,-1,0,294,110010077091,1250,668,582,369444.707329,6567.91628039,1250,668,582,369444.736457,1.00000008,false,3,7,Ward 7,22345.2269165,22818182.5566,369446,1,1250,582,668,0.53439999,369446.337829563,6567.89884896234
,194,236,228,-1,0,295,110010077092,907,325,582,149362.554298,2014.11812734,907,325,582,149362.554141,1,false,3,7,Ward 7,22345.2269165,22818182.5566,149363,1,907,582,325,0.35832414,149362.538451336,2014.11806811549
,195,237,229,-1,0,296,110010078031,832,215,617,286975.662534,5757.07063779,571,148,424,196991.545928,0.6864399,false,3,7,Ward 7,22345.2269165,22818182.5566,196989,1,571,424,148,0.2591944,196988.736842133,5756.98015146877
,196,238,230,-1,0,297,110010078032,630,292,338,137964.580511,1524.22292144,630,292,338,137964.58355,1.00000002,false,3,7,Ward 7,22345.2269165,22818182.5566,137965,1,630,338,292,0.46349207,137964.578429773,1524.222825477
,197,239,231,-1,0,298,110010078033,678,183,495,181542.027161,1737.45445914,676,182,494,180996.596916,0.99699557,false,3,7,Ward 7,22345.2269165,22818182.5566,180997,1,676,494,182,0.26923078,180996.596397008,1737.45444055661
,198,240,232,-1,0,299,110010078034,1286,663,623,201150.370087,1832.61366702,870,449,422,136106.067926,0.67663842,false,3,7,Ward 7,22345.2269165,22818182.5566,136106,1,870,422,449,0.51609194,136106.066218141,1832.6137423989
,199,215,208,-1,0,275,110010076015,591,208,383,289432.700013,3951.65068459,591,208,383,289432.718953,1.00000007,false,1,8,Ward 8,28714.0694298,30965852.4553,261075,0.90202302,533,345,188,0.35272044,261075.078585039,3350.43865569348
,200,216,208,-1,0,275,110010076015,591,208,383,289432.700013,3951.65068459,591,208,383,289432.718953,1.00000007,false,3,7,Ward 7,22345.2269165,22818182.5566,28357.59960938,0.0979765,58,38,20,0.34482759,28357.6439431172,934.574737228428
,201,217,209,-1,0,276,110010076031,1652,709,943,211171.182038,2059.31355066,1652,709,943,211171.190565,1.00000004,false,3,7,Ward 7,22345.2269165,22818182.5566,211171,1,1652,943,709,0.42917675,211171.182540609,2059.31366066271
,202,218,210,-1,0,277,110010076032,543,25,518,260701.080498,1664.3204947,129,6,123,61814.1526646,0.23710739,false,3,7,Ward 7,22345.2269165,22818182.5566,61814.19921875,1,129,123,6,0.04651163,61814.1632407578,1664.32051573697
,203,219,211,-1,0,278,110010076033,551,0,551,368317.255745,3276.52574013,551,0,551,368317.26018,1.00000001,false,3,7,Ward 7,22345.2269165,22818182.5566,368321,1,551,551,0,0,368320.706492336,3276.47542617061
,204,220,212,-1,0,279,110010076034,1204,421,783,302573.404812,1671.29682665,623,218,405,156510.032359,0.51726302,false,3,7,Ward 7,22345.2269165,22818182.5566,156505,1,623,405,218,0.34991974,156505.147053984,1671.25578435558
,205,221,213,-1,0,280,110010076041,1378,533,845,158067.465054,2160.51513272,1378,533,845,158067.462005,0.99999998,false,3,7,Ward 7,22345.2269165,22818182.5566,158056,1,1378,845,533,0.38679245,158056.025672109,2160.419266334
,206,222,214,-1,0,281,110010076042,1382,256,1126,635556.029307,8593.53814252,828,153,674,380600.90524,0.59884713,false,3,7,Ward 7,22345.2269165,22818182.5566,380598,1,828,674,153,0.18478261,380598.413288867,8593.42045832789
,207,223,215,-1,0,282,110010076043,1006,277,729,223995.535098,5407.43999318,1006,277,729,223995.538377,1.00000001,false,3,7,Ward 7,22345.2269165,22818182.5566,223993,1,1006,729,277,0.27534792,223992.61048743,5407.37494903384
,208,224,216,-1,0,283,110010076051,760,149,611,130153.813178,1472.85801433,760,149,611,130153.805157,0.99999994,false,1,8,Ward 8,28714.0694298,30965852.4553,130154,1,760,611,149,0.19605263,130153.806122195,1472.85806390931
,209,225,217,-1,0,284,110010076052,2195,780,1415,159292.243098,3303.83415331,1967,699,1268,142764.312,0.89624146,false,1,8,Ward 8,28714.0694298,30965852.4553,142760,1,1967,1268,699,0.35536349,142759.672944977,3303.83188440904
,210,226,218,-1,0,285,110010076053,648,474,174,82750.2311663,1511.18409486,648,474,174,82750.2299541,0.99999999,false,1,8,Ward 8,28714.0694298,30965852.4553,82750.203125,1,648,174,474,0.73148149,82750.2257467031,1511.18399669924
,211,227,219,-1,0,286,110010077031,712,314,398,167638.426981,3670.83079389,649,286,363,152797.191182,0.91146877,false,3,7,Ward 7,22345.2269165,22818182.5566,152798,1,649,363,286,0.44067797,152798.037840062,3670.81218898762
,212,228,220,-1,0,287,110010077032,1316,794,522,216523.95709,4696.3391382,1033,623,410,169885.426204,0.78460337,false,3,7,Ward 7,22345.2269165,22818182.5566,169885,1,1033,410,623,0.6030978,169885.431231172,4696.33888747829
,213,229,221,-1,0,288,110010077033,2720,2073,647,261536.34746,2368.41624447,2716,2070,646,261182.18987,0.99864586,false,3,7,Ward 7,22345.2269165,22818182.5566,261182,1,2716,646,2070,0.76215023,261182.185078773,2368.41620676133
,214,230,222,-1,0,289,110010077034,519,258,261,78579.9734297,1828.4883989,517,257,260,78278.751108,0.99616668,false,3,7,Ward 7,22345.2269165,22818182.5566,78279.203125,1,517,260,257,0.49709865,78279.1889325078,1828.48572583274
,215,231,223,-1,0,290,110010077071,2547,1406,1141,340240.619747,3892.80485857,1411,779,632,188459.615755,0.55390099,false,3,7,Ward 7,22345.2269165,22818182.5566,188454,1,1411,632,779,0.5520907,188454.40652907,3892.72360446168
,216,232,224,-1,0,291,110010077072,1763,600,1163,425314.441114,3319.43292584,1268,431,836,305855.492331,0.71912793,false,3,7,Ward 7,22345.2269165,22818182.5566,305861,1,1268,836,431,0.33990535,305861.098469094,3319.41642929566
,217,233,225,-1,0,292,110010077081,1600,974,626,128920.302897,1554.37642083,1597,972,625,128641.432926,0.99783688,false,3,7,Ward 7,22345.2269165,22818182.5566,128641,1,1597,625,972,0.60864121,128641.439434125,1554.37648559293
,218,234,226,-1,0,293,110010077082,1470,573,897,418161.748051,4571.71116367,1470,573,897,418161.77121,1.00000006,false,3,7,Ward 7,22345.2269165,22818182.5566,418162,1,1470,897,573,0.38979593,418161.751506477,4571.71087734599
,219,184,177,-1,0,239,110010068041,131,127,4,600362.918608,13970.5358814,115,112,4,529000.496606,0.88113453,false,3,7,Ward 7,22345.2269165,22818182.5566,396929,0.75033802,86,3,84,0.97674417,396928.80528568,12132.7389251729
,220,185,178,-1,0,244,110010071001,674,320,354,298215.949588,3912.28423733,291,138,153,128948.917302,0.43240114,false,2,6,Ward 6,24157.9774348,16064916.7222,128949,1,291,153,138,0.4742268,128948.91891332,3912.28404747726
,221,186,179,-1,0,246,110010072001,3358,591,2767,296235.049274,1326.64096525,837,147,690,73866.4339184,0.24935076,false,2,6,Ward 6,24157.9774348,16064916.7222,73866.3984375,1,837,690,147,0.17562725,73866.4453865234,1326.64099656179
,222,187,180,-1,0,247,110010072002,934,281,653,1006032.52329,5798.30874556,286,86,200,308121.864207,0.30627426,false,2,6,Ward 6,24157.9774348,16064916.7222,308111,1,286,200,86,0.30069929,308110.807594125,5798.29879076086
,223,188,182,-1,0,249,110010073041,2224,1294,930,533721.230548,6563.12218041,803,467,336,192677.24279,0.36100727,false,1,8,Ward 8,28714.0694298,30965852.4553,192673,1,803,336,467,0.58156914,192673.30639757,6563.08661474938
,224,189,183,-1,0,250,110010073042,803,425,378,105389.798547,1539.6838701,628,333,296,82472.6819081,0.782549,false,1,8,Ward 8,28714.0694298,30965852.4553,82472.703125,1,628,296,333,0.53025478,82472.681847375,1539.68362396867
,225,190,184,-1,0,251,110010073043,296,102,194,148071.804172,1977.05079403,296,102,194,148071.806069,1.00000001,false,1,8,Ward 8,28714.0694298,30965852.4553,148072,1,296,194,102,0.3445946,148071.814340938,1977.0507458575
,226,191,185,-1,0,252,110010074011,1355,1064,291,439788.249125,7052.96448416,1355,1064,291,439788.258317,1.00000002,false,1,8,Ward 8,28714.0694298,30965852.4553,439793,1,1355,291,1064,0.78523988,439793.094929617,7052.9351873403
,227,192,186,-1,0,253,110010074012,1095,980,115,175912.771709,2181.86878482,1095,980,115,175912.780869,1.00000005,false,1,8,Ward 8,28714.0694298,30965852.4553,175913,1,1095,115,980,0.89497715,175912.772760094,2181.86865416951
,228,193,187,-1,0,254,110010074031,3500,1977,1523,326104.072368,2146.27537328,1655,935,720,154227.336832,0.47293901,false,1,8,Ward 8,28714.0694298,30965852.4553,154227,1,1655,720,935,0.5649547,154227.344717547,2146.27546137445
,229,194,188,-1,0,255,110010074041,2414,1513,901,279098.132514,3974.84040465,1579,990,589,182543.827927,0.6540489,false,1,8,Ward 8,28714.0694298,30965852.4553,182544,1,1579,589,990,0.62697911,182543.836477664,3974.8403343917
,230,195,189,-1,0,256,110010074042,1076,586,490,254534.868528,1821.51508104,284,155,129,67209.0625532,0.26404658,false,1,8,Ward 8,28714.0694298,30965852.4553,67209.1015625,1,284,129,155,0.54577464,67209.0708115625,1821.51498263584
,231,196,190,-1,0,257,110010074043,305,209,96,184917.53135,3846.77189264,262,179,82,158723.340057,0.85834663,false,1,8,Ward 8,28714.0694298,30965852.4553,158723,1,262,82,179,0.68320608,158723.347694086,3846.77199441589
,232,197,191,-1,0,258,110010074061,2368,1264,1104,174608.784954,1628.13635075,2368,1264,1104,174608.788125,1.00000002,false,1,8,Ward 8,28714.0694298,30965852.4553,174609,1,2368,1104,1264,0.53378379,174608.767585727,1628.13631153899
,233,198,192,-1,0,259,110010074062,693,499,194,195089.003812,2804.7186573,693,499,194,195089.001365,0.99999999,false,1,8,Ward 8,28714.0694298,30965852.4553,195089,1,693,194,499,0.72005773,195089.010532898,2804.71865950116
,234,199,193,-1,0,260,110010074071,868,477,391,277705.693833,3303.37941912,868,477,391,277705.68382,0.99999996,false,1,8,Ward 8,28714.0694298,30965852.4553,277706,1,868,391,477,0.54953915,277705.678715469,3303.37959314528
,235,200,194,-1,0,261,110010074072,1851,978,873,270525.760887,2531.84877776,1851,978,873,270525.760139,1,false,1,8,Ward 8,28714.0694298,30965852.4553,270526,1,1851,873,978,0.52836305,270525.762440727,2531.84855457831
,236,201,195,-1,0,262,110010074081,3036,2111,925,375373.005109,4003.02135999,2774,1929,845,342943.859198,0.91360821,false,1,8,Ward 8,28714.0694298,30965852.4553,342944,1,2774,845,1929,0.69538575,342943.868381492,4003.02122851053
,237,202,196,-1,0,263,110010074091,938,421,517,84225.8768685,1299.44334636,938,421,517,84225.8774742,1.00000001,false,1,8,Ward 8,28714.0694298,30965852.4553,84225.8984375,1,938,517,421,0.4488273,84225.8719490156,1299.44346477956
,238,203,197,-1,0,264,110010074092,1222,732,490,157688.281553,1369.85659853,504,302,202,65065.7914554,0.41262287,false,1,8,Ward 8,28714.0694298,30965852.4553,65065.80078125,1,504,202,302,0.59920633,65065.7852552344,1369.85670258452
,239,204,198,-1,0,265,110010074093,1642,1075,567,94763.3649462,490.43498675,44,29,15,2514.4779705,0.02653428,false,1,8,Ward 8,28714.0694298,30965852.4553,2524.42993164,1,44,15,29,0.65909094,2524.435437625,490.429537122283
,240,205,199,-1,0,266,110010075021,3205,2163,1042,263349.265063,2472.28459593,2410,1627,784,198030.055837,0.75196738,false,1,8,Ward 8,28714.0694298,30965852.4553,198030,1,2410,784,1627,0.67510372,198030.041713547,2472.28413745636
,241,289,281,-1,0,353,110010092011,1887,729,1158,634275.434035,3351.63372089,1002,387,615,336878.413876,0.53112322,false,6,5,Ward 5,22893.4048565,26910761.219,336878,1,1002,615,387,0.38622755,336878.416701555,3351.63366083351
,242,290,282,-1,0,354,110010092031,1153,434,719,366671.289044,2538.12700066,934,352,583,297174.419468,0.81046547,false,6,5,Ward 5,22893.4048565,26910761.219,297174,1,934,583,352,0.37687367,297174.411514547,2538.12712492329
,243,291,283,-1,0,355,110010092032,1453,266,1187,219792.116733,1415.72159544,474,87,387,71718.2162399,0.32630022,false,6,5,Ward 5,22893.4048565,26910761.219,71718.203125,1,474,387,87,0.18354431,71718.2051960156,1415.72144289567
,244,292,284,-1,0,357,110010092042,1769,1327,442,179590.927825,1141.94855884,560,420,140,56887.5440949,0.31676179,false,6,5,Ward 5,22893.4048565,26910761.219,56887.5,1,560,140,420,0.75,56887.5316395312,1141.94865917063
,245,293,285,-1,0,358,110010093011,690,150,540,229833.651246,1934.67863429,690,150,540,229833.655555,1.00000002,false,6,5,Ward 5,22893.4048565,26910761.219,229834,1,690,540,150,0.2173913,229833.66321893,1934.67875140729
,246,294,286,-1,0,359,110010093012,832,112,720,368854.457851,1955.78366738,370,50,320,163894.152203,0.44433285,false,6,5,Ward 5,22893.4048565,26910761.219,163894,1,370,320,50,0.13513513,163894.164691992,1955.78359347627
,247,295,287,-1,0,360,110010093013,946,183,763,299838.010986,2607.71782034,946,183,763,299838.009607,1,false,6,5,Ward 5,22893.4048565,26910761.219,299836,1,946,763,183,0.19344608,299836.304704055,2607.71425001184
,248,296,288,-1,0,361,110010093014,736,125,611,202353.476693,1627.35501819,506,86,420,139127.436357,0.68754656,false,6,5,Ward 5,22893.4048565,26910761.219,139127,1,506,420,86,0.16996047,139127.419551031,1627.35486210092
,249,297,289,-1,0,362,110010093021,1053,165,888,398256.686293,2892.39925112,493,77,416,186533.013567,0.46837384,false,6,5,Ward 5,22893.4048565,26910761.219,186532,1,493,416,77,0.15618661,186532.245264484,2892.37670015403
,250,298,290,-1,0,363,110010094001,671,125,546,296179.871854,5332.88158902,665,124,541,293468.357276,0.99084504,false,6,5,Ward 5,22893.4048565,26910761.219,293468,1,665,541,124,0.18646617,293468.35671225,5332.88163971015
,251,299,291,-1,0,364,110010094002,1406,496,910,417651.210538,4277.10784799,1406,496,910,417651.202044,0.99999998,false,6,5,Ward 5,22893.4048565,26910761.219,417648,1,1406,910,496,0.35277382,417647.813198016,4277.08977963982
,252,241,233,-1,0,300,110010078041,689,271,418,230418.142465,5624.71237876,689,271,418,230418.162175,1.00000009,false,3,7,Ward 7,22345.2269165,22818182.5566,230421,1,689,418,271,0.39332366,230421.427794086,5624.70083982802
,253,242,234,-1,0,301,110010078042,1175,708,467,276803.450137,4384.75340713,1175,708,467,276803.454849,1.00000002,false,3,7,Ward 7,22345.2269165,22818182.5566,276796,1,1175,467,708,0.60255319,276796.282280531,4384.74700168288
,254,243,235,-1,0,302,110010078043,1120,386,734,216093.794056,2580.74486981,1120,386,734,216093.802764,1.00000004,false,3,7,Ward 7,22345.2269165,22818182.5566,216094,1,1120,734,386,0.34464285,216093.800840422,2580.74474011435
,255,244,236,-1,0,303,110010078061,1127,468,659,296251.017655,2675.63339279,1127,468,659,296251.01739,1,false,3,7,Ward 7,22345.2269165,22818182.5566,296251,1,1127,659,468,0.41526175,296251.030598445,2675.63341140215
,256,245,237,-1,0,304,110010078062,947,581,366,369983.123114,3651.48612744,947,581,366,369983.146269,1.00000006,false,3,7,Ward 7,22345.2269165,22818182.5566,369983,1,947,366,581,0.61351639,369983.113041398,3651.48617144434
,257,246,238,-1,0,305,110010078071,1428,578,850,242392.114843,2317.39195004,1428,578,850,242392.112134,0.99999999,false,3,7,Ward 7,22345.2269165,22818182.5566,242392,1,1428,850,578,0.40476191,242392.134538758,2317.39203784377
,258,247,239,-1,0,306,110010078072,882,314,568,277337.188117,2879.3296178,882,314,568,277337.193575,1.00000002,false,3,7,Ward 7,22345.2269165,22818182.5566,277337,1,882,568,314,0.35600907,277337.182682711,2879.32977129231
,259,248,240,-1,0,307,110010078081,2479,1087,1392,294705.763901,3697.73958244,2479,1087,1392,294705.771312,1.00000003,false,3,7,Ward 7,22345.2269165,22818182.5566,294706,1,2479,1392,1087,0.43848327,294705.757990516,3697.73975469567
,260,249,241,-1,0,308,110010078082,694,248,446,317075.587683,5937.19936784,694,248,446,317075.58583,0.99999999,false,3,7,Ward 7,22345.2269165,22818182.5566,317077,1,694,446,248,0.35734871,317076.808367234,5937.15405323568
,261,250,242,-1,0,309,110010078083,1116,721,395,229142.866825,4677.09200142,1116,721,395,229142.869734,1.00000001,false,3,7,Ward 7,22345.2269165,22818182.5566,229143,1,1116,395,721,0.64605737,229142.490097656,4677.08744421573
,262,251,243,-1,0,310,110010078091,1820,876,944,255886.816159,2143.961173,1820,876,944,255886.813687,0.99999999,false,3,7,Ward 7,22345.2269165,22818182.5566,255887,1,1820,944,876,0.48131868,255886.826281492,2143.96130744797
,263,252,244,-1,0,311,110010078092,974,403,571,279265.250731,2460.83807433,974,403,571,279265.246841,0.99999999,false,3,7,Ward 7,22345.2269165,22818182.5566,279265,1,974,571,403,0.41375771,279265.239147867,2460.83808722532
,264,253,245,-1,0,313,110010079012,1141,472,669,94899.2166072,905.80176246,523,216,307,43494.1936018,0.45831984,false,2,6,Ward 6,24157.9774348,16064916.7222,43493.5,1,523,307,216,0.41300192,43493.5066620859,905.838276720169
,265,254,246,-1,0,314,110010079013,1508,551,957,92635.4651946,997.1568575,528,193,335,32408.744686,0.34985245,false,2,6,Ward 6,24157.9774348,16064916.7222,32408.69921875,1,528,335,193,0.36553031,32408.7458937188,997.156946191652
,266,255,247,-1,0,316,110010079031,1809,658,1151,242539.258895,1903.26366371,1107,403,704,148366.592998,0.61172197,false,3,7,Ward 7,22345.2269165,22818182.5566,148360,1,1107,704,403,0.36404696,148360.263082875,1903.16028811322
,267,256,248,-1,0,317,110010080011,1040,19,1021,85008.9563607,1337.38454228,599,11,588,48950.0072242,0.57582176,false,2,6,Ward 6,24157.9774348,16064916.7222,48950,1,599,588,11,0.01836394,48950.0021844609,1337.38453255115
,268,257,249,-1,0,318,110010080012,1347,118,1229,156995.444829,2282.99900413,1260,110,1150,146887.884986,0.93561877,false,2,6,Ward 6,24157.9774348,16064916.7222,146888,1,1260,1150,110,0.08730159,146887.878546406,2282.99886885182
,269,258,250,-1,0,319,110010080013,745,110,635,76859.1987478,1421.95774375,745,110,635,76859.1969199,0.99999998,false,2,6,Ward 6,24157.9774348,16064916.7222,76859.203125,1,745,635,110,0.147651,76859.1945982031,1421.95782838348
,270,259,251,-1,0,320,110010080021,1304,167,1137,219439.338195,4036.06698596,1284,164,1120,216072.241059,0.98465591,false,2,6,Ward 6,24157.9774348,16064916.7222,216049,1,1284,1120,164,0.12772585,216048.800346391,4036.08662092687
,271,260,252,-1,0,321,110010080022,2233,238,1995,271847.012929,3953.42532907,2195,234,1961,267251.732036,0.98309608,false,2,6,Ward 6,24157.9774348,16064916.7222,267252,1,2195,1961,234,0.10660592,267251.727438453,3953.42513265193
,272,261,253,-1,0,322,110010081001,677,88,589,70607.2324895,1558.42858282,677,88,589,70607.2268067,0.99999992,false,2,6,Ward 6,24157.9774348,16064916.7222,70607.203125,1,677,589,88,0.12998523,70607.2328138828,1558.42834830646
,273,262,254,-1,0,323,110010081002,1527,131,1396,126008.709484,1433.13665189,1527,131,1396,126008.708858,1,false,2,6,Ward 6,24157.9774348,16064916.7222,126009,1,1527,1396,131,0.08578913,126008.700974664,1433.13648109871
,274,263,255,-1,0,324,110010081003,998,52,946,93314.1083306,1236.59267196,901,47,854,84260.1303479,0.90297311,false,2,6,Ward 6,24157.9774348,16064916.7222,84260.1015625,1,901,854,47,0.05216426,84260.1380452344,1236.59286405102
,275,264,256,-1,0,325,110010082001,709,18,691,88125.7320459,1153.30219435,662,17,645,82226.9093032,0.93306356,false,2,6,Ward 6,24157.9774348,16064916.7222,82226.8984375,1,662,645,17,0.02567976,82226.9129647344,1153.30215317653
,276,265,257,-1,0,326,110010082002,1981,277,1704,248719.952269,2962.51102191,1768,247,1521,222005.480573,0.89259216,false,2,6,Ward 6,24157.9774348,16064916.7222,222005,1,1768,1521,247,0.13970588,222005.482788008,2962.51127994594
,277,266,258,-1,0,328,110010083012,1225,95,1130,147449.979788,1378.67157611,194,15,179,23400.5843424,0.15870185,false,2,6,Ward 6,24157.9774348,16064916.7222,23400.59960938,1,194,179,15,0.07731958,23400.569570375,1378.67166147956
,278,267,259,-1,0,329,110010083021,2267,321,1946,257549.275401,2266.26831749,1369,194,1175,155473.012597,0.60366317,false,2,6,Ward 6,24157.9774348,16064916.7222,155473,1,1369,1175,194,0.14170928,155473.000104445,2266.26839632224
,279,268,260,-1,0,330,110010084021,1127,51,1076,131361.489497,1804.59857968,919,42,878,107137.774185,0.815595,false,2,6,Ward 6,24157.9774348,16064916.7222,107138,1,919,878,42,0.04570185,107137.766140477,1804.5985876717
,280,269,261,-1,0,331,110010084022,990,302,688,126242.313381,1936.76162039,835,255,580,106495.019501,0.84357627,false,2,6,Ward 6,24157.9774348,16064916.7222,106495,1,835,580,255,0.30538923,106495.027932898,1936.76142540992
,281,270,262,-1,0,332,110010084101,1341,177,1164,219299.706129,2052.37903419,1138,150,988,186126.013735,0.84872897,false,2,6,Ward 6,24157.9774348,16064916.7222,186120,1,1138,988,150,0.13181019,186119.818547984,2052.36741599103
,282,271,263,-1,0,333,110010087011,1320,223,1097,254101.281115,2403.33842489,978,165,813,188290.169738,0.74100441,false,6,5,Ward 5,22893.4048565,26910761.219,188290,1,978,813,165,0.16871166,188290.169826109,2403.33863816753
,283,272,264,-1,0,334,110010087012,983,312,671,117284.034975,1493.79243561,983,312,671,117284.033782,0.99999999,false,6,5,Ward 5,22893.4048565,26910761.219,117284,1,983,671,312,0.31739572,117284.050099867,1493.79249356027
,284,273,265,-1,0,335,110010087021,1262,496,766,226177.114962,2225.96048753,785,308,476,140629.945987,0.62176912,false,6,5,Ward 5,22893.4048565,26910761.219,140630,1,785,476,308,0.39235669,140629.942910008,2225.96046139033
,285,274,266,-1,0,336,110010087022,668,182,486,248210.840797,1760.31486184,391,107,285,145347.909269,0.58558244,false,6,5,Ward 5,22893.4048565,26910761.219,145348,1,391,285,107,0.27365729,145347.891592719,1760.31505030573
,286,275,267,-1,0,337,110010088021,494,141,353,68363.6764335,411.93247003,56,16,40,7780.8527719,0.1138156,false,6,5,Ward 5,22893.4048565,26910761.219,7780.85009766,1,56,40,16,0.2857143,7780.84991532031,411.933080137708
,287,276,268,-1,0,338,110010088022,1456,765,691,129814.736696,505.44775974,136,71,64,12106.6393935,0.0932609,false,6,5,Ward 5,22893.4048565,26910761.219,12105.70019531,1,136,64,71,0.52205884,12105.6481187891,505.447705027033
,288,277,269,-1,0,339,110010088023,1427,425,1002,173621.374424,2113.38420567,1385,412,972,168474.03819,0.9703531,false,6,5,Ward 5,22893.4048565,26910761.219,168472,1,1385,972,412,0.29747292,168471.681509844,2113.35434576843
,289,278,270,-1,0,340,110010088024,1211,440,771,92834.1866847,1298.82864196,1192,433,759,91411.9058343,0.98467934,false,6,5,Ward 5,22893.4048565,26910761.219,91411.8984375,1,1192,759,433,0.36325502,91411.9170451406,1298.82856063055
,290,279,271,-1,0,341,110010088031,1331,917,414,1057811.79185,6082.79939759,829,571,258,658678.035275,0.6226798,false,6,5,Ward 5,22893.4048565,26910761.219,658664,1,829,258,571,0.68878168,658664.18447082,6082.71025060508
,291,280,272,-1,0,342,110010088041,929,249,680,97697.6844119,1594.2612331,868,233,635,91264.1683798,0.93414874,false,6,5,Ward 5,22893.4048565,26910761.219,91264.1015625,1,868,635,233,0.26843318,91264.1567880078,1594.26087870752
,292,281,273,-1,0,343,110010088042,1487,745,742,667822.706666,3762.75105732,1013,507,505,454747.282923,0.68094013,false,6,5,Ward 5,22893.4048565,26910761.219,454747,1,1013,505,507,0.50049359,454747.273433461,3762.75156952002
,293,282,274,-1,0,345,110010089032,1112,715,397,79181.7544329,765.57623136,111,71,40,7884.39600194,0.09957339,false,6,5,Ward 5,22893.4048565,26910761.219,7884.39990234,1,111,40,71,0.63963962,7884.38999767187,765.576116172103
,294,283,275,-1,0,346,110010089041,1882,958,924,282169.012405,1588.34795167,571,291,280,85647.035965,0.30353098,false,6,5,Ward 5,22893.4048565,26910761.219,85645.8984375,1,571,280,291,0.50963223,85645.9108711641,1588.34828291479
,295,284,276,-1,0,348,110010090001,1563,554,1009,986301.334334,11881.0394418,1102,391,712,695593.396425,0.70525444,false,6,5,Ward 5,22893.4048565,26910761.219,695607,1,1102,712,391,0.35480943,695607.145814203,11880.89308485
,296,285,277,-1,0,349,110010090002,1486,486,1000,241098.664377,2403.18013721,1486,486,1000,241098.662963,0.99999999,false,6,5,Ward 5,22893.4048565,26910761.219,241099,1,1486,1000,486,0.3270525,241098.660201906,2403.17990623996
,297,286,278,-1,0,350,110010091021,915,172,743,251166.399564,2277.59291841,914,172,742,250828.970582,0.99865655,false,6,5,Ward 5,22893.4048565,26910761.219,250829,1,914,742,172,0.18818381,250828.966862859,2277.59286078681
,298,287,279,-1,0,351,110010091022,2351,1056,1295,1435554.81648,7372.33551886,1116,501,615,681460.391594,0.47470176,false,6,5,Ward 5,22893.4048565,26910761.219,681460,1,1116,615,501,0.44892472,681460.458557016,7372.3321824029
,299,288,280,-1,0,352,110010091023,1937,981,956,143658.323708,2067.29811397,1665,843,822,123477.142575,0.85951958,false,6,5,Ward 5,22893.4048565,26910761.219,123479,1,1665,822,843,0.50630629,123479.235502805,2067.26849899357
,300,332,324,-1,0,398,110010098031,946,624,322,213620.596077,1933.87246029,946,624,322,213620.589686,0.99999997,false,1,8,Ward 8,28714.0694298,30965852.4553,213621,1,946,322,624,0.65961945,213620.591720328,1933.87242100575
,301,333,325,-1,0,399,110010098032,821,535,286,114954.997216,2468.20891281,821,535,286,114954.991869,0.99999995,false,1,8,Ward 8,28714.0694298,30965852.4553,114957,1,821,286,535,0.65164435,114956.94770407,2468.20332484904
,302,334,326,-1,0,400,110010098033,966,556,410,177636.053301,2146.66488301,966,556,410,177636.057313,1.00000002,false,1,8,Ward 8,28714.0694298,30965852.4553,177636,1,966,410,556,0.57556933,177636.045085781,2146.66476106559
,303,335,327,-1,0,401,110010098041,1798,1049,749,250491.088009,4055.05674021,1798,1049,749,250491.075868,0.99999995,false,1,8,Ward 8,28714.0694298,30965852.4553,250502,1,1798,749,1049,0.58342606,250501.995307633,4055.0023310409
,304,336,328,-1,0,402,110010098042,980,421,559,165655.943858,2530.38411354,980,421,559,165655.949279,1.00000003,false,1,8,Ward 8,28714.0694298,30965852.4553,165656,1,980,559,421,0.42959183,165655.942883297,2530.38423541363
,305,337,329,-1,0,403,110010098071,827,435,392,392297.233103,6406.32175572,827,435,392,392297.213444,0.99999995,false,1,8,Ward 8,28714.0694298,30965852.4553,392297,1,827,392,435,0.52599758,392297.207473656,6406.321362532
,306,338,330,-1,0,404,110010098072,2129,767,1362,393152.04082,4786.50850705,2129,767,1362,393152.040949,1,false,1,8,Ward 8,28714.0694298,30965852.4553,393152,1,2129,1362,767,0.36026302,393152.032491539,4786.50872302628
,307,360,352,-1,0,426,110010102002,1493,72,1421,831368.621185,5950.96031893,1106,53,1053,616066.85645,0.74102731,false,2,6,Ward 6,24157.9774348,16064916.7222,616000,1,1106,1053,53,0.04792044,615999.897694508,5950.5393585014
,308,361,353,-1,0,427,110010103001,605,105,500,581982.657253,2680.72755153,369,64,305,355287.340953,0.61047754,false,8,4,Ward 4,25130.9943982,23314921.9682,355287,1,369,305,64,0.17344174,355287.424000844,2680.7221036534
,309,362,354,-1,0,428,110010103002,1312,455,857,240320.505856,2699.96587642,1312,455,857,240320.503427,0.99999999,false,8,4,Ward 4,25130.9943982,23314921.9682,239769,1,1312,857,455,0.34679878,239768.853652156,2694.90062447388
,310,363,355,-1,0,429,110010103003,1246,552,694,256972.62211,1726.07064305,812,360,452,167419.142964,0.65150576,false,8,4,Ward 4,25130.9943982,23314921.9682,167419,1,812,452,360,0.44334975,167419.167761531,1726.07090710944
,311,364,356,-1,0,430,110010104001,1915,891,1024,415444.444535,8018.67159068,1915,891,1024,415444.428828,0.99999996,false,1,8,Ward 8,28714.0694298,30965852.4553,415444,1,1915,1024,891,0.46527416,415444.453858687,8018.67160103025
,312,339,331,-1,0,405,110010098101,1492,814,678,218886.658194,4725.68507153,1492,814,678,218886.669911,1.00000005,false,1,8,Ward 8,28714.0694298,30965852.4553,218887,1,1492,678,814,0.54557639,218886.66660625,4725.68483190869
,313,340,332,-1,0,406,110010098102,1173,749,424,113528.425046,1807.56531862,1173,749,424,113528.420358,0.99999996,false,1,8,Ward 8,28714.0694298,30965852.4553,113528,1,1173,424,749,0.63853365,113528.428245719,1807.56543312071
,314,341,333,-1,0,407,110010098111,1847,1172,675,235610.131826,2590.61946797,1762,1118,644,224753.608271,0.95392166,false,1,8,Ward 8,28714.0694298,30965852.4553,224754,1,1762,644,1118,0.63450623,224753.591683313,2590.61942950991
,315,342,334,-1,0,408,110010098112,3171,1782,1389,231332.335491,2346.26101298,3167,1780,1387,231075.860965,0.99889132,false,1,8,Ward 8,28714.0694298,30965852.4553,231076,1,3167,1387,1780,0.56204611,231075.866590711,2346.26102034491
,316,343,335,-1,0,409,110010099011,865,242,623,243928.565369,2942.77507053,865,242,623,243928.560429,0.99999998,false,3,7,Ward 7,22345.2269165,22818182.5566,243927,1,865,623,242,0.27976879,243927.243387203,2942.71880584631
,317,344,336,-1,0,410,110010099012,1698,199,1499,731363.853674,11126.8269177,1698,199,1499,731363.841587,0.99999998,false,3,7,Ward 7,22345.2269165,22818182.5566,731359,1,1698,1499,199,0.1171967,731358.97045068,11126.6587611973
,318,345,337,-1,0,411,110010099021,958,160,798,343443.990067,6832.2052494,754,126,628,270131.746461,0.78653799,false,3,7,Ward 7,22345.2269165,22818182.5566,270132,1,754,628,126,0.16710876,270131.774193563,6832.20488339179
,319,346,338,-1,0,412,110010099022,1803,575,1228,263859.027368,2712.09474587,1803,575,1228,263859.019211,0.99999997,false,3,7,Ward 7,22345.2269165,22818182.5566,263863,1,1803,1228,575,0.31891292,263862.945959672,2712.09080619145
,320,347,339,-1,0,413,110010099031,1304,566,738,163760.839066,1805.64253913,1304,566,738,163760.840667,1.00000001,false,3,7,Ward 7,22345.2269165,22818182.5566,163761,1,1304,738,566,0.43404907,163760.829051422,1805.64242630556
,321,348,340,-1,0,414,110010099032,524,118,406,212065.328648,2262.40717259,524,118,406,212065.325983,0.99999999,false,3,7,Ward 7,22345.2269165,22818182.5566,212065,1,524,406,118,0.22519083,212065.330015891,2262.40716462143
,322,349,341,-1,0,415,110010099041,759,333,426,181273.536121,3270.52679513,759,333,426,181273.536734,1,false,3,7,Ward 7,22345.2269165,22818182.5566,181278,1,759,426,333,0.43873519,181277.855400234,3270.5225310409
,323,350,342,-1,0,416,110010099042,1675,924,751,212623.253302,2507.08484325,1675,924,751,212623.251283,0.99999999,false,3,7,Ward 7,22345.2269165,22818182.5566,212623,1,1675,751,924,0.55164176,212623.252512227,2507.08490369796
,324,351,343,-1,0,417,110010099051,1243,577,666,185886.240678,1780.91198958,1243,577,666,185886.238062,0.99999999,false,3,7,Ward 7,22345.2269165,22818182.5566,185886,1,1243,666,577,0.46419951,185886.228013406,1780.91212785266
,325,352,344,-1,0,418,110010099052,831,225,606,141548.409308,1969.53476755,831,225,606,141548.411549,1.00000002,false,3,7,Ward 7,22345.2269165,22818182.5566,141548,1,831,606,225,0.27075812,141548.405016914,1969.53473920719
,326,353,345,-1,0,419,110010099053,686,351,335,103986.043877,1322.75403223,686,351,335,103986.048237,1.00000004,false,3,7,Ward 7,22345.2269165,22818182.5566,103986,1,686,335,351,0.51166183,103986.053025625,1322.75399136482
,327,354,346,-1,0,420,110010099061,1521,621,900,247946.582284,2139.29728038,1521,621,900,247946.592083,1.00000004,false,3,7,Ward 7,22345.2269165,22818182.5566,247947,1,1521,900,621,0.40828404,247946.583211875,2139.29734471422
,328,355,347,-1,0,421,110010099071,740,212,528,139631.077873,2080.15915768,740,212,528,139631.081242,1.00000002,false,3,7,Ward 7,22345.2269165,22818182.5566,139631,1,740,528,212,0.28648648,139631.078801313,2080.15907225465
,329,356,348,-1,0,422,110010099072,2150,1356,794,327274.557826,2651.72999036,2150,1356,794,327274.554187,0.99999999,false,3,7,Ward 7,22345.2269165,22818182.5566,327275,1,2150,794,1356,0.63069767,327274.560036453,2651.73009237457
,330,357,349,-1,0,423,110010101001,1841,293,1548,358795.912419,2579.09334781,778,124,654,151639.199974,0.42263358,false,4,2,Ward 2,29545.8038865,22492798.344,151639,1,778,654,124,0.15938303,151639.192627523,2579.09340243394
,331,358,350,-1,0,424,110010101002,723,127,596,183680.59289,1510.22575324,315,55,260,80054.7835216,0.43583692,false,4,2,Ward 2,29545.8038865,22492798.344,80054.796875,1,315,260,55,0.17460318,80054.7817975703,1510.22587492714
,332,359,351,-1,0,425,110010102001,1044,148,896,334900.574697,2365.24384643,556,79,477,178399.586272,0.53269418,false,2,6,Ward 6,24157.9774348,16064916.7222,178399,1,556,477,79,0.14208633,178398.959130906,2365.2298575294
,333,300,292,-1,0,365,110010094003,1802,615,1187,470867.445743,2709.17464822,1480,505,975,386752.360176,0.82136143,false,6,5,Ward 5,22893.4048565,26910761.219,386752,1,1480,975,505,0.34121621,386752.354276883,2709.17489167926
,334,301,293,-1,0,366,110010094004,965,54,911,226493.625195,2386.63447591,965,54,911,226493.628909,1.00000002,false,6,5,Ward 5,22893.4048565,26910761.219,226494,1,965,911,54,0.05595855,226493.856264469,2386.60616251717
,335,302,294,-1,0,367,110010095011,2762,1542,1220,394557.238564,4657.11720599,2762,1542,1220,394557.234712,0.99999999,false,6,5,Ward 5,22893.4048565,26910761.219,394553,1,2762,1220,1542,0.55829108,394553.208405484,4657.09940682343
,336,303,295,-1,0,368,110010095012,898,486,412,154806.703161,1725.44568036,898,486,412,154806.699159,0.99999997,false,6,5,Ward 5,22893.4048565,26910761.219,154803,1,898,412,486,0.54120266,154803.292834938,1725.34641551404
,337,304,296,-1,0,369,110010095013,1428,652,776,887165.89022,4554.67015884,1364,623,741,847559.655792,0.95535645,false,6,5,Ward 5,22893.4048565,26910761.219,847560,1,1364,741,623,0.45674488,847559.652936508,4554.67002382595
,338,305,297,-1,0,370,110010095031,1615,211,1404,591683.143514,4909.03375714,1615,211,1404,591683.12013,0.99999996,false,6,5,Ward 5,22893.4048565,26910761.219,591683,1,1615,1404,211,0.13065015,591683.149707469,4909.03375653206
,339,306,298,-1,0,371,110010095032,983,127,856,520598.766879,3454.54790148,835,108,727,442167.441327,0.849344,false,6,5,Ward 5,22893.4048565,26910761.219,442162,1,835,727,108,0.12934132,442161.497689477,3454.52653254679
,340,307,299,-1,0,372,110010095033,665,103,562,201488.740024,940.39565272,102,16,86,30797.9681108,0.15285206,false,6,5,Ward 5,22893.4048565,26910761.219,30798,1,102,86,16,0.15686275,30797.967530125,940.395535653234
,341,308,300,-1,0,373,110010095041,1706,534,1172,427077.998371,1682.11575369,200,63,137,50093.4400715,0.11729342,false,6,5,Ward 5,22893.4048565,26910761.219,50093.3984375,1,200,137,63,0.315,50093.4432722734,1682.11567917151
,342,309,301,-1,0,374,110010095042,1331,212,1119,554986.735766,2982.84720469,998,159,839,416260.698535,0.7500372,false,6,5,Ward 5,22893.4048565,26910761.219,416261,1,998,839,159,0.15931864,416260.662287266,2982.84640059762
,343,310,302,-1,0,375,110010095051,957,389,568,171837.842546,1000.72424828,136,55,81,24452.9448854,0.14230244,false,8,4,Ward 4,25130.9943982,23314921.9682,24452.90039063,1,136,81,55,0.40441176,24452.9523120078,1000.72433541084
,344,311,303,-1,0,376,110010095052,737,38,699,444023.012303,5009.27106843,715,37,678,430787.856141,0.97019263,false,8,4,Ward 4,25130.9943982,23314921.9682,430788,1,715,678,37,0.05174825,430787.860167711,5009.27107822203
,345,312,304,-1,0,377,110010095053,992,284,708,337668.900692,2432.48942237,139,40,99,47346.1417646,0.14021469,false,8,4,Ward 4,25130.9943982,23314921.9682,47346.1015625,1,139,99,40,0.28776979,47346.1400695312,2432.4893610738
,346,313,305,-1,0,378,110010095071,1631,363,1268,275451.395692,1168.41057084,256,57,199,43289.4120768,0.15715808,false,8,4,Ward 4,25130.9943982,23314921.9682,43284.5,1,256,199,57,0.22265625,43284.5348436797,1168.36075020919
,347,314,306,-1,0,379,110010095081,941,272,669,338024.025087,4312.82495456,264,76,188,94804.9284131,0.28046802,false,6,5,Ward 5,22893.4048565,26910761.219,94802.6015625,1,264,188,76,0.28787878,94802.5539299766,4312.73392833642
,348,315,307,-1,0,380,110010095082,1257,139,1118,249797.21357,1532.35569252,739,82,657,146832.253717,0.58780581,false,6,5,Ward 5,22893.4048565,26910761.219,146828,1,739,657,82,0.11096076,146827.906048672,1532.34617650519
,349,316,308,-1,0,381,110010095083,1631,200,1431,169199.343228,3725.72804378,1218,149,1069,126398.379948,0.74703824,false,6,5,Ward 5,22893.4048565,26910761.219,126398,1,1218,1069,149,0.12233169,126398.377242984,3725.72818555848
,350,317,309,-1,0,382,110010095091,1486,556,930,178384.939229,2063.59931323,1486,556,930,178384.941132,1.00000001,false,6,5,Ward 5,22893.4048565,26910761.219,178385,1,1486,930,556,0.37415883,178384.935787016,2063.59929588404
,351,318,310,-1,0,383,110010095092,894,77,817,212641.679899,2117.85893885,894,77,817,212641.67957,1,false,6,5,Ward 5,22893.4048565,26910761.219,212642,1,894,817,77,0.08612975,212641.679421445,2117.85906860019
,352,319,311,-1,0,384,110010095093,1105,291,814,252845.913745,2345.13883015,1100,290,811,251780.009809,0.99578437,false,6,5,Ward 5,22893.4048565,26910761.219,251780,1,1100,811,290,0.26363635,251780.023763352,2345.13847841434
,353,320,312,-1,0,385,110010096011,2199,1195,1004,740146.847448,7991.27051777,2199,1195,1004,740146.870951,1.00000003,false,3,7,Ward 7,22345.2269165,22818182.5566,739527,1,2199,1004,1195,0.54342884,739526.669019914,7975.20130389772
,354,321,313,-1,0,386,110010096021,1582,1067,515,465411.141311,3700.56842784,1477,996,481,434399.433883,0.93336707,false,3,7,Ward 7,22345.2269165,22818182.5566,434399,1,1477,481,996,0.67433989,434399.440761008,3700.56847233909
,355,322,314,-1,0,387,110010096022,1875,1555,320,465434.128377,8292.33636345,1875,1555,320,465434.144503,1.00000003,false,3,7,Ward 7,22345.2269165,22818182.5566,465434,1,1875,320,1555,0.82933331,465434.146371312,8292.33620833719
,356,323,315,-1,0,388,110010096031,1536,650,886,237541.622475,1017.74048348,334,141,193,51641.1022899,0.21739812,false,3,7,Ward 7,22345.2269165,22818182.5566,51641.1015625,1,334,193,141,0.42215568,51641.1055602734,1017.74050633667
,357,324,316,-1,0,390,110010096033,924,517,407,181182.179712,1259.60917686,226,127,100,44367.7375637,0.24487915,false,3,7,Ward 7,22345.2269165,22818182.5566,44367.69921875,1,226,100,127,0.56194693,44367.7323982578,1259.60923854398
,358,325,317,-1,0,391,110010096041,1148,359,789,212697.392629,3247.78027638,1136,355,781,210520.931743,0.98976734,false,3,7,Ward 7,22345.2269165,22818182.5566,210521,1,1136,781,355,0.3125,210520.947764945,3247.78040630646
,359,326,318,-1,0,392,110010096042,954,208,746,205459.826546,2128.64159262,855,186,669,184139.461714,0.89623098,false,3,7,Ward 7,22345.2269165,22818182.5566,184139,1,855,669,186,0.21754386,184139.44343182,2128.64173923667
,360,327,319,-1,0,393,110010097001,2546,1607,939,280515.154181,2603.61553884,2546,1607,939,280515.168723,1.00000005,false,1,8,Ward 8,28714.0694298,30965852.4553,280518,1,2546,939,1607,0.63118619,280517.853011828,2603.60558903035
,361,328,320,-1,0,394,110010097002,813,290,523,89421.0948556,1326.85850515,813,290,523,89421.0915201,0.99999996,false,1,8,Ward 8,28714.0694298,30965852.4553,89421.1015625,1,813,523,290,0.35670358,89421.08602675,1326.85859953291
,362,329,321,-1,0,395,110010098011,2099,1214,885,355818.758187,3504.10046705,2099,1214,885,355818.78183,1.00000007,false,1,8,Ward 8,28714.0694298,30965852.4553,355812,1,2099,885,1214,0.57837063,355811.856463492,3504.08474648534
,363,330,322,-1,0,396,110010098021,550,523,27,86551.7761507,1852.10845849,550,523,27,86551.7828725,1.00000008,false,1,8,Ward 8,28714.0694298,30965852.4553,86551.796875,1,550,27,523,0.95090908,86551.7778161875,1852.10855064534
,364,331,323,-1,0,397,110010098022,1096,499,597,114173.388866,1634.32307659,1096,499,597,114173.380974,0.99999993,false,1,8,Ward 8,28714.0694298,30965852.4553,114173,1,1096,597,499,0.45529196,114173.387773672,1634.32308031525
,365,365,357,-1,0,431,110010104002,2227,1101,1126,1959845.90526,10314.8251442,2227,1101,1126,1959845.89743,1,false,1,8,Ward 8,28714.0694298,30965852.4553,1959850,1,2227,1126,1101,0.49438706,1959845.91295522,10314.8250021889
,366,366,358,-1,0,432,110010105001,1591,432,1159,278865.284026,3048.4949957,501,136,365,87874.1423742,0.31511324,false,2,6,Ward 6,24157.9774348,16064916.7222,87875.203125,1,501,365,136,0.27145708,87875.2081705938,3048.48737101088
,367,367,359,-1,0,433,110010105002,1827,181,1646,419667.867838,2660.64250886,1384,137,1247,317920.618749,0.75755292,false,2,6,Ward 6,24157.9774348,16064916.7222,317918,1,1384,1247,137,0.09898844,317918.283894188,2660.64327108654
,368,368,360,-1,0,434,110010106001,936,364,572,77570.1959546,1190.26672865,724,281,442,59971.9241667,0.77313101,false,2,6,Ward 6,24157.9774348,16064916.7222,59969.5,1,724,442,281,0.38812155,59969.4955492813,1190.21666009696
,369,369,361,-1,0,435,110010106002,4028,599,3429,1023561.45278,1447.50167858,152,23,129,38508.1902469,0.03762177,false,2,6,Ward 6,24157.9774348,16064916.7222,38508.19921875,1,152,129,23,0.15131579,38508.1922308828,1447.50133718878
,370,370,362,-1,0,436,110010106003,819,253,566,118190.93259,618.90786425,114,35,79,16426.8519707,0.13898572,false,2,6,Ward 6,24157.9774348,16064916.7222,16426.90039063,1,114,79,35,0.30701753,16426.8493541797,618.907812806284
,371,371,363,-1,0,437,110010107001,706,267,439,626068.490626,3147.84645212,368,139,229,326145.818923,0.52094271,false,4,2,Ward 2,29545.8038865,22492798.344,326146,1,368,229,139,0.37771741,326145.814474555,3147.84636641983
,372,372,364,-1,0,438,110010107002,999,200,799,249093.308384,1650.35393021,318,64,254,79236.5680593,0.31809995,false,4,2,Ward 2,29545.8038865,22492798.344,79236.6015625,1,318,254,64,0.20125785,79236.5773040859,1650.35408100518
,373,373,365,-1,0,440,110010108002,661,377,284,397577.035703,3333.25530834,442,252,190,265774.36629,0.66848521,false,4,2,Ward 2,29545.8038865,22492798.344,265774,1,442,190,252,0.57013577,265774.373638281,3333.25554913598
,374,374,366,-1,0,442,110010109001,2171,1224,947,110538.185636,1398.89531325,2171,1224,947,110538.182489,0.99999997,false,1,8,Ward 8,28714.0694298,30965852.4553,110538,1,2171,947,1224,0.56379551,110538.197360094,1398.89549484852
,375,375,367,-1,0,443,110010109002,2060,1696,364,1804335.24359,11968.1816535,2056,1693,363,1800636.25934,0.99794995,false,1,8,Ward 8,28714.0694298,30965852.4553,1800640,1,2056,363,1693,0.82344359,1800636.21752394,11968.1736770291
,376,376,368,-1,0,444,110010110001,632,40,592,35698.5416039,524.47129709,114,7,107,6444.25250796,0.18051865,false,2,6,Ward 6,24157.9774348,16064916.7222,6444.25,1,114,107,7,0.06140351,6444.24610678125,524.471285060545
,377,377,369,-1,0,445,110010110002,718,84,634,422439.584862,4424.84155186,589,69,520,346440.003822,0.82009361,false,2,6,Ward 6,24157.9774348,16064916.7222,346440,1,589,520,69,0.11714771,346440.046895945,4424.8419239591
,378,378,370,-1,0,447,110010110004,1425,93,1332,116741.312671,256.74808075,49,3,46,4032.11768474,0.03453891,false,2,6,Ward 6,24157.9774348,16064916.7222,4032.12011719,1,49,46,3,0.06122449,4032.11605760156,256.748065920875
,379,379,371,-1,0,448,110010111001,1666,614,1052,1431208.0299,7806.69582646,1638,604,1034,1407053.46772,0.98312296,false,6,5,Ward 5,22893.4048565,26910761.219,1407050,1,1638,1034,604,0.36874238,1407053.44364448,7806.69570290939
,380,380,372,-1,0,449,110010111002,2222,679,1543,612699.971824,6104.45035606,2037,623,1415,561753.184149,0.91684872,false,6,5,Ward 5,22893.4048565,26910761.219,561753,1,2037,1415,623,0.30584192,561753.201052703,6104.4498613778
,381,381,373,-1,0,450,110010111003,1358,690,668,2705564.2683,19258.5145354,1281,651,630,2552502.50473,0.94342705,false,6,5,Ward 5,22893.4048565,26910761.219,2552490,1,1281,630,651,0.50819671,2552494.61828171,19258.4609607261
